,date,merchant,description,money_out,money_in,account,account_country,spending_category,type,original_currency_amount,currency,conversion_rate,merchant_town,merchant_postcode,merchant_country
0,2022-01-01 00:00:00,bunq,Interest payment,,0.09,bunq,NL,,,,euro,,,,
1,2022-01-03 00:00:00,Vattenfall Klantenservice N.V.,"515403848746 Factnr 40050983832 BTW 13,02 Termijn dec 2021 Klantnr 25131236 CRN 3015061646 Eef Kamerbeekstra 206  1095 MP AMST",75.0,,bunq,NL,,,,euro,,,,
2,2022-01-04 00:00:00,Nomzamo Ncube,,300.0,,bunq,NL,,,,euro,,,,
3,2022-01-05 00:00:00,BUDGET MOBIEL,"O226496421/+31610316325 - Onbeperkt 1 jaar incl. 3 maanden korting EUR 5,00 (kenmerk: 1200-0000-3125-9548)",15.0,,bunq,NL,,,,euro,,,,
4,2022-01-06 00:00:00,GREENCHOICE,Uw termijnnota met notanummer GC0084939194 over januari 2022 voor postcode 1095MP,43.0,,bunq,NL,,,,euro,,,,
5,2022-01-06 00:00:00,Trainmore Piet Heinkade,01-01-2022 / 31-01-2022,44.0,,bunq,NL,,,,euro,,,,
6,2022-01-11 00:00:00,Nomzamo Ncube,,250.0,,bunq,NL,,,,euro,,,,
7,2022-01-13 00:00:00,NS Groep N.V.,R010210190054 0030009239627326 NSFLEXR01_0210190054,5.1,,bunq,NL,,,,euro,,,,
8,2022-01-17 00:00:00,DITZO,7585397304 Premie periode 15-01-2022 - 14-02-2022 Ditzo Doorlopende Reisverz.,2.77,,bunq,NL,,,,euro,,,,
9,2022-01-19 00:00:00,bunq,invoice 7484677,8.99,,bunq,NL,,,,euro,,,,
10,2022-01-23 00:00:00,DHL International B.V. via WorldPay Customer Payments,21536643783 0030009332558834 Betaling op DHL Global Payment P,70.91,,bunq,NL,,,,euro,,,,
11,2022-01-23 00:00:00,NS-Schiphol 212,"NS-Schiphol 212 LUCHTHAVEN SC, NL",5.7,,bunq,NL,,,,euro,,,,
12,2022-01-24 00:00:00,ALBERT HEIJN 2211,"ALBERT HEIJN 2211 AMSTERDAM, NL",14.51,,bunq,NL,,,,euro,,,,
13,2022-01-24 00:00:00,EMAKINA.NL B.V.,Salaris Januari 2022,,3679.74,bunq,NL,,,,euro,,,,
14,2022-01-26 00:00:00,T-MOBILE THUIS B.V.,T-Mobile Thuis NTV56735 Factuur TMT1021295832,35.0,,bunq,NL,,,,euro,,,,
15,2022-01-26 00:00:00,ALBERT HEIJN 2211,"ALBERT HEIJN 2211 AMSTERDAM, NL",9.92,,bunq,NL,,,,euro,,,,
16,2022-01-26 00:00:00,Thuisbezorgd.nl via Takeaway.com,MQCLTA 0030009371716422 bestelling Natraj Indian Resta via,18.14,,bunq,NL,,,,euro,,,,
17,2022-01-26 00:00:00,BPD Woningfonds,Eef kamerbeekstraat 206,1207.0,,bunq,NL,,,,euro,,,,
18,2022-01-26 00:00:00,Barnwoodweb by MultiSafepay collecting for Barnwoodweb,557397999 1151000557397999 Payment for order #BWW-00083079 Barnwoodweb,34.9,,bunq,NL,,,,euro,,,,
19,2022-01-26 00:00:00,Paint-discount via PAY.nl,1678166106X3a89e 0370240462510574 Paintdiscount.nl 25193560834232,10.9,,bunq,NL,,,,euro,,,,
20,2022-01-27 00:00:00,CCV*KA Sloterdijk,"CCV*KA Sloterdijk AMSTERDAM, NL",18.4,,bunq,NL,,,,euro,,,,
21,2022-01-27 00:00:00,HEMA EV2150 A'DAM CS,"HEMA EV2150 A'DAM CS AMSTERDAM, NL",4.75,,bunq,NL,,,,euro,,,,
22,2022-01-27 00:00:00,CCV*AMSTERDAM CENTRAL,"CCV*AMSTERDAM CENTRAL AMSTERDAM, NL",27.4,,bunq,NL,,,,euro,,,,
23,2022-01-28 00:00:00,ALBERT HEIJN 2211,"ALBERT HEIJN 2211 AMSTERDAM, NL",5.18,,bunq,NL,,,,euro,,,,
24,2022-01-28 00:00:00,ALBERT HEIJN 2211,"ALBERT HEIJN 2211 AMSTERDAM, NL",2.25,,bunq,NL,,,,euro,,,,
25,2022-01-28 00:00:00,Zneckbar V.O.F.,"Zneckbar V.O.F. AMSTERDAM, NL",4.1,,bunq,NL,,,,euro,,,,
26,2022-01-29 00:00:00,De Wasserette Eten & Drinken B.V. via CM.com stichting,3325010605 1150009398002112 pid3325010605t De Wasserette Ete,14.7,,bunq,NL,,,,euro,,,,
27,2022-01-29 00:00:00,CCV*V.O.F. J.H. van Mo,"CCV*V.O.F. J.H. van Mo MONNICKENDAM, NL",11.2,,bunq,NL,,,,euro,,,,
28,2022-01-29 00:00:00,CCV*C. Tol & Zoon,"CCV*C. Tol & Zoon VOLENDAM, NL",11.0,,bunq,NL,,,,euro,,,,
29,2022-01-29 00:00:00,Vomar IJburg,"Vomar IJburg AMSTERDAM, NL",37.05,,bunq,NL,,,,euro,,,,
30,2022-01-29 00:00:00,ALBERT HEIJN 1493,"ALBERT HEIJN 1493 AMSTERDAM, NL",2.45,,bunq,NL,,,,euro,,,,
31,2022-01-30 00:00:00,Amazon Payments Europe SCA collecting for AMZN MKTP NL,2X6F43Q 0140000408444042 Amzn Mktp NL AMZN MKTP NL,22.48,,bunq,NL,,,,euro,,,,
32,2022-01-31 00:00:00,ALBERT HEIJN 2211,"ALBERT HEIJN 2211 AMSTERDAM, NL",4.19,,bunq,NL,,,,euro,,,,
33,2022-01-31 00:00:00,Bagels & Beans IJburg,"Bagels & Beans IJburg AMSTERDAM, NL",13.5,,bunq,NL,,,,euro,,,,
34,2022-01-31 00:00:00,Action 1374,"Action 1374 Amsterdam, NL",42.38,,bunq,NL,,,,euro,,,,
35,2022-01-31 00:00:00,Thuisbezorgd.nl via Takeaway.com,R8LEWZ 0030009423068344 bestelling Amara May via,37.25,,bunq,NL,,,,euro,,,,
36,2022-02-01 00:00:00,bunq,Interest payment,,0.15,bunq,NL,,,,euro,,,,
37,2022-02-01 00:00:00,ALBERT HEIJN 2211,"ALBERT HEIJN 2211 AMSTERDAM, NL",4.28,,bunq,NL,,,,euro,,,,
38,2022-02-01 00:00:00,Nomzamo Ncube,,550.0,,bunq,NL,,,,euro,,,,
39,2022-02-02 00:00:00,Vattenfall Klantenservice N.V.,"519603539140 Factnr 40051300487 BTW 13,02 Termijn jan 2022 Klantnr 25131236 CRN 3015061646 Eef Kamerbeekstra 206  1095 MP AMST",75.0,,bunq,NL,,,,euro,,,,
40,2022-02-02 00:00:00,DITZO ZORGVERZEKERING,Kenmerk  1468774564200001 / Omschrijving  Premie februari,229.76,,bunq,NL,,,,euro,,,,
41,2022-02-02 00:00:00,SEP*BLUEYS Bar,"SEP*BLUEYS Bar Amsterdam, NL",3.9,,bunq,NL,,,,euro,,,,
42,2022-02-02 00:00:00,ALBERT HEIJN 2211,"ALBERT HEIJN 2211 AMSTERDAM, NL",1.97,,bunq,NL,,,,euro,,,,
43,2022-02-02 00:00:00,St. James Gate,"St. James Gate Amsterdam, NL",15.0,,bunq,NL,,,,euro,,,,
44,2022-02-02 00:00:00,Amazon Payments Europe SCA collecting for AMZN MKTP NL,2RRZKWP 0140000409205175 Amzn Mktp NL AMZN MKTP NL,36.95,,bunq,NL,,,,euro,,,,
45,2022-02-03 00:00:00,ALBERT HEIJN 2211,"ALBERT HEIJN 2211 AMSTERDAM, NL",7.07,,bunq,NL,,,,euro,,,,
46,2022-02-03 00:00:00,Trainmore Piet Heinkade,01-02-2022 / 28-02-2022,44.0,,bunq,NL,,,,euro,,,,
47,2022-02-04 00:00:00,Nomzamo Ncube,,500.0,,bunq,NL,,,,euro,,,,
48,2022-02-04 00:00:00,ALBERT HEIJN 2211,"ALBERT HEIJN 2211 AMSTERDAM, NL",3.0,,bunq,NL,,,,euro,,,,
49,2022-02-04 00:00:00,ALBERT HEIJN 2211,"ALBERT HEIJN 2211 AMSTERDAM, NL",1.79,,bunq,NL,,,,euro,,,,
50,2022-02-04 00:00:00,BUDGET MOB HOL VH BUDGET,O226688091/+31610316325 - Onbeperkt 1 jaar (kenmerk: 1200-0000-3125-9548),20.0,,bunq,NL,,,,euro,,,,
51,2022-02-04 00:00:00,Action 1374,"Action 1374 Amsterdam, NL",6.61,,bunq,NL,,,,euro,,,,
52,2022-02-04 00:00:00,Visgilde IJburg Adam,"Visgilde IJburg Adam AMSTERDAM, NL",7.0,,bunq,NL,,,,euro,,,,
53,2022-02-04 00:00:00,Vomar IJburg,"Vomar IJburg AMSTERDAM, NL",37.62,,bunq,NL,,,,euro,,,,
54,2022-02-04 00:00:00,Vomar IJburg,"Refund: Vomar IJburg AMSTERDAM, NL",,37.62,bunq,NL,,,,euro,,,,
55,2022-02-04 00:00:00,Visgilde IJburg Adam,"Visgilde IJburg Adam AMSTERDAM, NL",1.2,,bunq,NL,,,,euro,,,,
56,2022-02-04 00:00:00,Vomar IJburg,"Vomar IJburg AMSTERDAM, NL",37.62,,bunq,NL,,,,euro,,,,
57,2022-02-05 00:00:00,CCV*VOF BAKERS EN ROAS,"CCV*VOF BAKERS EN ROAS AMSTERDAM, NL",22.55,,bunq,NL,,,,euro,,,,
58,2022-02-05 00:00:00,Reggae Rita's by CCV Group BV,I220205193448157CB86842EN2 0050005995770043 Ser.vi Web Order,20.0,,bunq,NL,,,,euro,,,,
59,2022-02-05 00:00:00,Reggae Rita's by CCV Group BV,I220205202725431CB868BB0N2 0050005995837569 Ser.vi Web Order,3.5,,bunq,NL,,,,euro,,,,
60,2022-02-06 00:00:00,Etos 7590,"Etos 7590 AMSTERDAM, NL",15.71,,bunq,NL,,,,euro,,,,
61,2022-02-06 00:00:00,Etos 7590,"Etos 7590 AMSTERDAM, NL",0.1,,bunq,NL,,,,euro,,,,
62,2022-02-07 00:00:00,GREENCHOICE,Uw termijnnota met notanummer GC0085477322 over februari 2022 voor postcode 1095MP,87.0,,bunq,NL,,,,euro,,,,
63,2022-02-07 00:00:00,Airbnb,FZV38WFKNHBBFF32JFQF 0180203832043762 0Ga2vjjyKpPCAw7ms1BLqjULz02,315.26,,bunq,NL,,,,euro,,,,
64,2022-02-08 00:00:00,Waternet/Gem. Amsterdam,"Klant: 1020036058, Factuur: 2015815332",12.0,,bunq,NL,,,,euro,,,,
65,2022-02-08 00:00:00,Pott Change Damrak,"Pott Change Damrak AMSTERDAM, NL",385.0,,bunq,NL,,,,euro,,,,
66,2022-02-08 00:00:00,PRIMARK DAMRAK,"PRIMARK DAMRAK AMSTERDAM, NL",43.3,,bunq,NL,,,,euro,,,,
67,2022-02-08 00:00:00,vanHaren 070,"vanHaren 070 AMSTERDAM, NL",6.92,,bunq,NL,,,,euro,,,,
68,2022-02-08 00:00:00,Kruidvat 7076,"Kruidvat 7076 AMSTERDAM, NL",29.66,,bunq,NL,,,,euro,,,,
69,2022-02-08 00:00:00,De Bijenkorf,"De Bijenkorf Amsterdam, NL",103.2,,bunq,NL,,,,euro,,,,
70,2022-02-08 00:00:00,ETOS 7763,"ETOS 7763 AMSTERDAM, NL",12.49,,bunq,NL,,,,euro,,,,
71,2022-02-08 00:00:00,TicketCounter B.V. by Buckaroo,C0001853320 1030000554613059 Amsterdam - Prins Hendrikkade (B,79.95,,bunq,NL,,,,euro,,,,
72,2022-02-09 00:00:00,ALBERT HEIJN 2211,"ALBERT HEIJN 2211 AMSTERDAM, NL",0.21,,bunq,NL,,,,euro,,,,
73,2022-02-10 00:00:00,GREENCHOICE,Uw nota met notanummer GC0085133780 van 31 januari 2022 voor postcode 1095MP,,20.68,bunq,NL,,,,euro,,,,
74,2022-02-10 00:00:00,HMS Host International,"HMS Host International Amsterdam, NL",5.25,,bunq,NL,,,,euro,,,,
75,2022-02-13 00:00:00,Dischem Fourways Mall,"Dischem Fourways Mall GP, ZA 219.90 ZAR, 1 ZAR = 0.05853 EUR",12.87,,bunq,NL,,,,euro,,,,
76,2022-02-13 00:00:00,Foschini Fourways,"Foschini Fourways JHB, ZA 229.00 ZAR, 1 ZAR = 0.05856 EUR",13.41,,bunq,NL,,,,euro,,,,
77,2022-02-13 00:00:00,V112-EDG FOURWAYS NEW,"V112-EDG FOURWAYS NEW Fourways, ZA 999.95 ZAR, 1 ZAR = 0.05856 EUR",58.56,,bunq,NL,,,,euro,,,,
78,2022-02-13 00:00:00,Incredible Connection,"Incredible Connection Fourways, ZA 99.00 ZAR, 1 ZAR = 0.05859 EUR",5.8,,bunq,NL,,,,euro,,,,
79,2022-02-13 00:00:00,Standard Bank of SA Lt,"Standard Bank of SA Lt FOURWAYS, ZA 1000.00 ZAR, 1 ZAR = 0.05856 EUR",58.56,,bunq,NL,,,,euro,,,,
80,2022-02-13 00:00:00,WICKLEYS GRILLHOUSE,"WICKLEYS GRILLHOUSE Johannesburg, ZA 155.00 ZAR, 1 ZAR = 0.05858 EUR",9.08,,bunq,NL,,,,euro,,,,
81,2022-02-13 00:00:00,WICKLEYS GRILLHOUSE,"WICKLEYS GRILLHOUSE Johannesburg, ZA 120.00 ZAR, 1 ZAR = 0.05850 EUR",7.02,,bunq,NL,,,,euro,,,,
82,2022-02-14 00:00:00,AMPATH FOURWAYS,"AMPATH FOURWAYS MBOMBELA, ZA 500.00 ZAR, 1 ZAR = 0.05858 EUR",29.29,,bunq,NL,,,,euro,,,,
83,2022-02-14 00:00:00,Clicks Dairnfern,"Clicks Dairnfern JHB, ZA 134.49 ZAR, 1 ZAR = 0.05859 EUR",7.88,,bunq,NL,,,,euro,,,,
84,2022-02-14 00:00:00,Yoco   *Tashako Holdin,"Yoco   *Tashako Holdin Dainfern Four, ZA 349.00 ZAR, 1 ZAR = 0.05857 EUR",20.44,,bunq,NL,,,,euro,,,,
85,2022-02-14 00:00:00,ALTITUDE BEACH,"ALTITUDE BEACH Johannesburg, ZA 264.00 ZAR, 1 ZAR = 0.05856 EUR",15.46,,bunq,NL,,,,euro,,,,
86,2022-02-14 00:00:00,ALTITUDE BEACH,"ALTITUDE BEACH Johannesburg, ZA 363.00 ZAR, 1 ZAR = 0.05887 EUR",21.37,,bunq,NL,,,,euro,,,,
87,2022-02-15 00:00:00,DITZO,7585397304 Premie periode 15-02-2022 - 14-03-2022 Ditzo Doorlopende Reisverz.,2.77,,bunq,NL,,,,euro,,,,
88,2022-02-15 00:00:00,MONTEXO SPUR,"MONTEXO SPUR JOHANNESBURG, ZA 491.50 ZAR, 1 ZAR = 0.05886 EUR",28.93,,bunq,NL,,,,euro,,,,
89,2022-02-15 00:00:00,WELLNESS WAREHOUSE DAI,"WELLNESS WAREHOUSE DAI JOHANNESBURG, ZA 167.90 ZAR, 1 ZAR = 0.05884 EUR",9.88,,bunq,NL,,,,euro,,,,
90,2022-02-15 00:00:00,PnP Crp Deinfern Squar,"PnP Crp Deinfern Squar Fourways, ZA 29.17 ZAR, 1 ZAR = 0.05896 EUR",1.72,,bunq,NL,,,,euro,,,,
91,2022-02-18 00:00:00,TLS/KlantenservOV-Chipk.,Betaling OV-chipkaart,11.0,,bunq,NL,,,,euro,,,,
92,2022-02-19 00:00:00,bunq,invoice 7739222,8.99,,bunq,NL,,,,euro,,,,
93,2022-02-20 00:00:00,N. Ncube,Currency Conversion EUR-ZAR (14.75),14.75,,bunq,NL,,,,euro,,,,
94,2022-02-24 00:00:00,EMAKINA.NL B.V.,Salaris Februari 2022,,3682.34,bunq,NL,,,,euro,,,,
95,2022-02-24 00:00:00,T-MOBILE THUIS B.V.,T-Mobile Thuis NTV56735 Factuur TMT1021862946,35.0,,bunq,NL,,,,euro,,,,
96,2022-02-24 00:00:00,KLM,GT9W8SRRHMSWZP52 0030009653071966 KLM*Ref ULPQZQ Flight,40.0,,bunq,NL,,,,euro,,,,
97,2022-02-28 00:00:00,Yoco   *Weaver Tours,"Yoco   *Weaver Tours Cape Town, ZA 2648.80 ZAR, 1 ZAR = 0.05911 EUR",156.57,,bunq,NL,,,,euro,,,,
98,2022-02-28 00:00:00,NS GROEP IZ NS REIZIGERS,Factuur: 420005569644,53.99,,bunq,NL,,,,euro,,,,
99,2022-03-01 00:00:00,bunq,Interest payment,,0.09,bunq,NL,,,,euro,,,,
100,2022-03-01 00:00:00,Waternet/Gem. Amsterdam,"Klant: 1020036058, Factuur: 2016144162",13.0,,bunq,NL,,,,euro,,,,
101,2022-03-01 00:00:00,S11061,"S11061 KemptonPark, ZA",10.59,,bunq,NL,,,,euro,,,,
102,2022-03-01 00:00:00,Big Five main Shop ABS,"Big Five main Shop ABS JHB, ZA 405.00 ZAR, 1 ZAR = 0.05911 EUR",23.94,,bunq,NL,,,,euro,,,,
103,2022-03-02 00:00:00,AH to go IJtunnel5870,"AH to go IJtunnel5870 AMSTERDAM, NL",2.5,,bunq,NL,,,,euro,,,,
104,2022-03-02 00:00:00,BPD Woningfonds,216101667 / MAART 2022 EEF KAMERBEEKSTRAAT 206 BPD WONINGFONDS N. Ncube,1207.0,,bunq,NL,,,,euro,,,,
105,2022-03-02 00:00:00,Vattenfall Klantenservice N.V.,"519203742182 Factnr 40051622125 BTW 13,02 Termijn feb 2022 Klantnr 25131236 CRN 3015061646 Eef Kamerbeekstra 206  1095 MP AMST",75.0,,bunq,NL,,,,euro,,,,
106,2022-03-02 00:00:00,DITZO ZORGVERZEKERING,Kenmerk  8468774564200002 / Omschrijving  Premie maart,142.45,,bunq,NL,,,,euro,,,,
107,2022-03-02 00:00:00,Nomzamo Ncube,,1000.0,,bunq,NL,,,,euro,,,,
108,2022-03-02 00:00:00,Thuisbezorgd.nl via Takeaway.com,5PYSQZ 0030009712566892 bestelling Couscousbar via,20.49,,bunq,NL,,,,euro,,,,
109,2022-03-03 00:00:00,Big Five main Shop ABS,"Refund: Big Five main Shop ABS JHB, ZA 405.00 ZAR, 1 ZAR = 0.05911 EUR",,23.94,bunq,NL,,,,euro,,,,
110,2022-03-03 00:00:00,Big Five main Shop ABS,"Big Five main Shop ABS JHB, ZA 405.00 ZAR, 1 ZAR = 0.05891 EUR",23.86,,bunq,NL,,,,euro,,,,
111,2022-03-03 00:00:00,ALBERT HEIJN 2211,"ALBERT HEIJN 2211 AMSTERDAM, NL",5.43,,bunq,NL,,,,euro,,,,
112,2022-03-04 00:00:00,Trainmore Piet Heinkade,01-03-2022 / 28-03-2022,43.0,,bunq,NL,,,,euro,,,,
113,2022-03-04 00:00:00,BUDGET MOB HOL VH BUDGET,O226880087/+31610316325 - Onbeperkt 1 jaar (kenmerk: 1200-0000-3125-9548),20.0,,bunq,NL,,,,euro,,,,
114,2022-03-04 00:00:00,GVB voertuig T2201CC,"GVB voertuig T2201CC AMSTERDAM, NL",8.5,,bunq,NL,,,,euro,,,,
115,2022-03-04 00:00:00,ZTL*RUST.,"ZTL*RUST. AMSTERDAM, NL",85.0,,bunq,NL,,,,euro,,,,
116,2022-03-04 00:00:00,Health&BeautyX Amsterd,"Health&BeautyX Amsterd AMSTERDAM, NL",10.95,,bunq,NL,,,,euro,,,,
117,2022-03-04 00:00:00,CCV*DOV MELO BV,"CCV*DOV MELO BV AMSTERDAM, NL",7.8,,bunq,NL,,,,euro,,,,
118,2022-03-04 00:00:00,ALBERT HEIJN 2211,"ALBERT HEIJN 2211 AMSTERDAM, NL",2.66,,bunq,NL,,,,euro,,,,
119,2022-03-05 00:00:00,Butlaroo Services B.V.,BWSTWCQH7NMTM232K6BM 0180206430050034 BLUEYS Bar VOF,3.0,,bunq,NL,,,,euro,,,,
120,2022-03-05 00:00:00,SEP*BLUEYS Bar,"SEP*BLUEYS Bar Amsterdam, NL",20.8,,bunq,NL,,,,euro,,,,
121,2022-03-05 00:00:00,ALBERT HEIJN 2211,"ALBERT HEIJN 2211 AMSTERDAM, NL",1.94,,bunq,NL,,,,euro,,,,
122,2022-03-05 00:00:00,ALBERT HEIJN 1117,"ALBERT HEIJN 1117 AMSTERDAM, NL",6.4,,bunq,NL,,,,euro,,,,
123,2022-03-05 00:00:00,Chin Chin Club Tickets,"Chin Chin Club Tickets AMSTERDAM, NL",17.5,,bunq,NL,,,,euro,,,,
124,2022-03-05 00:00:00,Potato Club B.V.,"Potato Club B.V. Amsterdam, NL",9.5,,bunq,NL,,,,euro,,,,
125,2022-03-06 00:00:00,Febo Rozengracht B.V.,"Febo Rozengracht B.V. AMSTERDAM, NL",3.5,,bunq,NL,,,,euro,,,,
126,2022-03-06 00:00:00,ABN AMRO Bank NV,000432130073 0030009746057982 Lux NL96ASNB8830959847,23.9,,bunq,NL,,,,euro,,,,
127,2022-03-06 00:00:00,Menzies Aviation,"Menzies Aviation LUCHTHAVEN SC, NL",29.0,,bunq,NL,,,,euro,,,,
128,2022-03-07 00:00:00,GREENCHOICE,Uw termijnnota met notanummer GC0086057304 over maart 2022 voor postcode 1095MP,87.0,,bunq,NL,,,,euro,,,,
129,2022-03-10 00:00:00,ALBERT HEIJN 1653,"ALBERT HEIJN 1653 SCHIPHOL, NL",6.35,,bunq,NL,,,,euro,,,,
130,2022-03-11 00:00:00,ALBERT HEIJN 2211,"ALBERT HEIJN 2211 AMSTERDAM, NL",5.04,,bunq,NL,,,,euro,,,,
131,2022-03-11 00:00:00,PRAXIS A'DAM OOST,"PRAXIS A'DAM OOST AMSTERDAM, NL",68.81,,bunq,NL,,,,euro,,,,
132,2022-03-11 00:00:00,PRAXIS A'DAM OOST,"PRAXIS A'DAM OOST AMSTERDAM, NL",2.29,,bunq,NL,,,,euro,,,,
133,2022-03-11 00:00:00,CCV*SUPERMARKT EL JAWH,"CCV*SUPERMARKT EL JAWH AMSTERDAM, NL",3.88,,bunq,NL,,,,euro,,,,
134,2022-03-11 00:00:00,Visspeciaalzaak Volend,"Visspeciaalzaak Volend AMSTERDAM, NL",5.55,,bunq,NL,,,,euro,,,,
135,2022-03-11 00:00:00,Lidl 507 Amsterdam,"Lidl 507 Amsterdam AMSTERDAM, NL",4.08,,bunq,NL,,,,euro,,,,
136,2022-03-11 00:00:00,JUMBO Buitenveldert,"JUMBO Buitenveldert AMSTERDAM, NL",20.82,,bunq,NL,,,,euro,,,,
137,2022-03-11 00:00:00,CCV*BLOEMENSHOP BUITEN,"CCV*BLOEMENSHOP BUITEN AMSTERDAM, NL",32.45,,bunq,NL,,,,euro,,,,
138,2022-03-11 00:00:00,TicketSwap,26KG2BT 0140000415643550 TicketSwap,17.52,,bunq,NL,,,,euro,,,,
139,2022-03-11 00:00:00,CCV*CAFE SAO PAULO,"CCV*CAFE SAO PAULO AMSTERDAM, NL",1.0,,bunq,NL,,,,euro,,,,
140,2022-03-11 00:00:00,CCV*CAFE SAO PAULO,"CCV*CAFE SAO PAULO AMSTERDAM, NL",8.0,,bunq,NL,,,,euro,,,,
141,2022-03-11 00:00:00,CCV*CAFE SAO PAULO,"CCV*CAFE SAO PAULO AMSTERDAM, NL",8.5,,bunq,NL,,,,euro,,,,
142,2022-03-11 00:00:00,CCV*CAFE SAO PAULO,"CCV*CAFE SAO PAULO AMSTERDAM, NL",8.0,,bunq,NL,,,,euro,,,,
143,2022-03-12 00:00:00,mr. Tom B.V.,"mr. Tom B.V. AMSTERDAM, NL",13.8,,bunq,NL,,,,euro,,,,
144,2022-03-12 00:00:00,ETOS 7776,"ETOS 7776 AMSTERDAM, NL",16.99,,bunq,NL,,,,euro,,,,
145,2022-03-12 00:00:00,ALBERT HEIJN 2211,"ALBERT HEIJN 2211 AMSTERDAM, NL",4.16,,bunq,NL,,,,euro,,,,
146,2022-03-14 00:00:00,ABN AMRO Bank NV,000435764737 0030009826901812 Lacroix NL09INGB0009682301,10.0,,bunq,NL,,,,euro,,,,
147,2022-03-14 00:00:00,CCV*LANSUPLANT MOUTON,"CCV*LANSUPLANT MOUTON AMSTERDAM, NL",2.0,,bunq,NL,,,,euro,,,,
148,2022-03-14 00:00:00,Greenwoods,"Greenwoods AMSTERDAM, NL",19.9,,bunq,NL,,,,euro,,,,
149,2022-03-14 00:00:00,CoffeeCom. - Albron,"CoffeeCom. - Albron AMSTERDAM, NL",4.95,,bunq,NL,,,,euro,,,,
150,2022-03-14 00:00:00,ALBERT HEIJN 2211,"ALBERT HEIJN 2211 AMSTERDAM, NL",1.74,,bunq,NL,,,,euro,,,,
151,2022-03-15 00:00:00,Peoples Place Manhatta,"Peoples Place Manhatta Amsterdam, NL",4.0,,bunq,NL,,,,euro,,,,
152,2022-03-15 00:00:00,DITZO,7585397304 Premie periode 15-03-2022 - 14-04-2022 Ditzo Doorlopende Reisverz.,2.77,,bunq,NL,,,,euro,,,,
153,2022-03-15 00:00:00,Peoples Place Bryant P,"Peoples Place Bryant P Amterdam, NL",2.0,,bunq,NL,,,,euro,,,,
154,2022-03-15 00:00:00,Saigon CS,"Saigon CS Amsterdam, NL",10.0,,bunq,NL,,,,euro,,,,
155,2022-03-15 00:00:00,ALBERT HEIJN 2211,"ALBERT HEIJN 2211 AMSTERDAM, NL",1.64,,bunq,NL,,,,euro,,,,
156,2022-03-16 00:00:00,N. Ncube,,16.0,,bunq,NL,,,,euro,,,,
157,2022-03-18 00:00:00,ALBERT HEIJN 2211,"ALBERT HEIJN 2211 AMSTERDAM, NL",2.2,,bunq,NL,,,,euro,,,,
158,2022-03-18 00:00:00,ALBERT HEIJN 2211,"ALBERT HEIJN 2211 AMSTERDAM, NL",5.18,,bunq,NL,,,,euro,,,,
159,2022-03-18 00:00:00,ABN AMRO Bank NV,000437630724 0030009870942168 Lux NL96ASNB8830959847,45.0,,bunq,NL,,,,euro,,,,
160,2022-03-19 00:00:00,CCV*Bloemenbeppie,"CCV*Bloemenbeppie AMSTERDAM, NL",5.5,,bunq,NL,,,,euro,,,,
161,2022-03-19 00:00:00,CCV*Bloemenbeppie,"CCV*Bloemenbeppie AMSTERDAM, NL",3.5,,bunq,NL,,,,euro,,,,
162,2022-03-19 00:00:00,bunq,invoice 8002290,8.99,,bunq,NL,,,,euro,,,,
163,2022-03-19 00:00:00,CCV*SPARGO,"CCV*SPARGO AMSTERDAM, NL",30.0,,bunq,NL,,,,euro,,,,
164,2022-03-19 00:00:00,Viva Fonteyn B.V.,"Viva Fonteyn B.V. AMSTERDAM, NL",2.8,,bunq,NL,,,,euro,,,,
165,2022-03-20 00:00:00,Action 1374,"Action 1374 Amsterdam, NL",34.95,,bunq,NL,,,,euro,,,,
166,2022-03-20 00:00:00,Vomar IJburg,"Vomar IJburg AMSTERDAM, NL",32.04,,bunq,NL,,,,euro,,,,
167,2022-03-20 00:00:00,Drogisterij IJburg,"Drogisterij IJburg AMSTERDAM, NL",5.99,,bunq,NL,,,,euro,,,,
168,2022-03-21 00:00:00,ALBERT HEIJN 2211,"ALBERT HEIJN 2211 AMSTERDAM, NL",3.99,,bunq,NL,,,,euro,,,,
169,2022-03-21 00:00:00,ALBERT HEIJN 2211,"ALBERT HEIJN 2211 AMSTERDAM, NL",6.57,,bunq,NL,,,,euro,,,,
170,2022-03-21 00:00:00,N. Ncube,,,16.0,bunq,NL,,,,euro,,,,
171,2022-03-22 00:00:00,ALBERT HEIJN 2211,"ALBERT HEIJN 2211 AMSTERDAM, NL",11.05,,bunq,NL,,,,euro,,,,
172,2022-03-22 00:00:00,ALBERT HEIJN 2211,"ALBERT HEIJN 2211 AMSTERDAM, NL",1.38,,bunq,NL,,,,euro,,,,
173,2022-03-22 00:00:00,Drogisterij IJburg,"Drogisterij IJburg AMSTERDAM, NL",32.29,,bunq,NL,,,,euro,,,,
174,2022-03-22 00:00:00,Action 1374,"Action 1374 Amsterdam, NL",33.25,,bunq,NL,,,,euro,,,,
175,2022-03-23 00:00:00,ALBERT HEIJN 2211,"ALBERT HEIJN 2211 AMSTERDAM, NL",3.63,,bunq,NL,,,,euro,,,,
176,2022-03-24 00:00:00,EMAKINA.NL B.V.,Salaris Maart 2022,,5398.18,bunq,NL,,,,euro,,,,
177,2022-03-25 00:00:00,NS GROEP IZ NS REIZIGERS,Factuur: 430006104048,47.54,,bunq,NL,,,,euro,,,,
178,2022-03-25 00:00:00,T-MOBILE THUIS B.V.,T-Mobile Thuis NTV56735 Factuur TMT1022437939,35.0,,bunq,NL,,,,euro,,,,
179,2022-03-25 00:00:00,PVH EUROPE,Salary March 2022,,1937.06,bunq,NL,,,,euro,,,,
180,2022-03-25 00:00:00,SEP*BLUEYS Bar,"SEP*BLUEYS Bar Amsterdam, NL",19.3,,bunq,NL,,,,euro,,,,
181,2022-03-25 00:00:00,HOTEL WINSTON,"HOTEL WINSTON AMSTERDAM, NL",10.0,,bunq,NL,,,,euro,,,,
182,2022-03-26 00:00:00,ZTL*Blik op de Zaan,"ZTL*Blik op de Zaan Zaandam, NL",2.5,,bunq,NL,,,,euro,,,,
183,2022-03-26 00:00:00,Henri Willig Kaas BV,"Henri Willig Kaas BV Zaandam, NL",11.95,,bunq,NL,,,,euro,,,,
184,2022-03-26 00:00:00,CCV*Hotel Zaandijk Exp,"CCV*Hotel Zaandijk Exp ZAANDYK, NL",16.15,,bunq,NL,,,,euro,,,,
185,2022-03-27 00:00:00,ALBERT HEIJN 2211,"ALBERT HEIJN 2211 AMSTERDAM, NL",9.92,,bunq,NL,,,,euro,,,,
186,2022-03-27 00:00:00,bol.com b.v. collecting for bol.com,1343864803 0051100069654112 bol.com ref 1343864803 bol.com,25.01,,bunq,NL,,,,euro,,,,
187,2022-03-27 00:00:00,Boerschappen via Mollie,M03644394MCSD1TA 0020006460623130 Boerschappen - bestelling #29991,48.85,,bunq,NL,,,,euro,,,,
188,2022-03-27 00:00:00,wix.com by Adyen,MW8B389CFVNCPK52 0030009965267162 easylaughs.nl,12.5,,bunq,NL,,,,euro,,,,
189,2022-03-27 00:00:00,Amazon Payments Europe SCA collecting for AMZN MKTP NL,4RT86Z4 0140000068365376 Amzn Mktp NL AMZN MKTP NL,55.97,,bunq,NL,,,,euro,,,,
190,2022-03-27 00:00:00,Nomzamo,,1500.0,,bunq,NL,,,,euro,,,,
191,2022-03-27 00:00:00,Nomzamo,,100.0,,bunq,NL,,,,euro,,,,
192,2022-03-27 00:00:00,Nomzamo,,250.0,,bunq,NL,,,,euro,,,,
193,2022-03-27 00:00:00,Nomzamo,,50.0,,bunq,NL,,,,euro,,,,
194,2022-03-27 00:00:00,Nomzamo,,50.0,,bunq,NL,,,,euro,,,,
195,2022-03-27 00:00:00,Nomzamo,,100.0,,bunq,NL,,,,euro,,,,
196,2022-03-27 00:00:00,Nomzamo,,150.0,,bunq,NL,,,,euro,,,,
197,2022-03-27 00:00:00,Nomzamo,,80.0,,bunq,NL,,,,euro,,,,
198,2022-03-27 00:00:00,N. Ncube,Currency Conversion EUR-GBP (2750.00),2750.0,,bunq,NL,,,,euro,,,,
199,2022-03-27 00:00:00,bunq,invoice 8074508,0.7,,bunq,NL,,,,euro,,,,
200,2022-03-27 00:00:00,N. Ncube,MW8B389CFVNCPK52 0030009965267162 easylaughs.nl,,12.5,bunq,NL,,,,euro,,,,
201,2022-03-27 00:00:00,N. Ncube,"ALBERT HEIJN 2211 AMSTERDAM, NL",,9.92,bunq,NL,,,,euro,,,,
202,2022-03-27 00:00:00,N. Ncube,M03644394MCSD1TA 0020006460623130 Boerschappen - bestelling #29991,,48.85,bunq,NL,,,,euro,,,,
203,2022-03-27 00:00:00,N. Ncube,MW8B389CFVNCPK52 0030009965267162 easylaughs.nl,,12.5,bunq,NL,,,,euro,,,,
204,2022-03-27 00:00:00,N. Ncube,"Henri Willig Kaas BV Zaandam, NL",,11.95,bunq,NL,,,,euro,,,,
205,2022-03-27 00:00:00,N. Ncube,T-Mobile Thuis NTV56735 Factuur TMT1022437939,,35.0,bunq,NL,,,,euro,,,,
206,2022-03-27 00:00:00,N. Ncube,"SEP*BLUEYS Bar Amsterdam, NL",,19.3,bunq,NL,,,,euro,,,,
207,2022-03-27 00:00:00,N. Ncube,"CCV*Hotel Zaandijk Exp ZAANDYK, NL",,16.15,bunq,NL,,,,euro,,,,
208,2022-03-27 00:00:00,N. Ncube,"ZTL*Blik op de Zaan Zaandam, NL",,2.5,bunq,NL,,,,euro,,,,
209,2022-03-27 00:00:00,N. Ncube,Factuur: 430006104048,,47.54,bunq,NL,,,,euro,,,,
210,2022-03-28 00:00:00,Amazon EU SARL,2D6EHIS 0140000418475835 AmazonRetail,20.04,,bunq,NL,,,,euro,,,,
211,2022-03-29 00:00:00,Peoples Place Hudson,"Peoples Place Hudson Amsterdam, NL",6.0,,bunq,NL,,,,euro,,,,
212,2022-03-29 00:00:00,Peoples Place Hudson,"Peoples Place Hudson Amsterdam, NL",2.0,,bunq,NL,,,,euro,,,,
213,2022-03-29 00:00:00,AH to go Oostt.5822,"AH to go Oostt.5822 AMSTERDAM, NL",1.05,,bunq,NL,,,,euro,,,,
214,2022-03-29 00:00:00,ALBERT HEIJN 2211,"ALBERT HEIJN 2211 AMSTERDAM, NL",8.67,,bunq,NL,,,,euro,,,,
215,2022-03-30 00:00:00,N. Ncube,"AH to go Oostt.5822 AMSTERDAM, NL",,1.05,bunq,NL,,,,euro,,,,
216,2022-03-30 00:00:00,N. Ncube,"ALBERT HEIJN 2211 AMSTERDAM, NL",,8.67,bunq,NL,,,,euro,,,,
217,2022-03-30 00:00:00,N. Ncube,"AH to go Oostt.5822 AMSTERDAM, NL",,0.52,bunq,NL,,,,euro,,,,
218,2022-03-30 00:00:00,Zneckbar V.O.F.,"Zneckbar V.O.F. AMSTERDAM, NL",7.75,,bunq,NL,,,,euro,,,,
219,2022-03-31 00:00:00,Peoples Place Bryant P,"Peoples Place Bryant P Amterdam, NL",2.4,,bunq,NL,,,,euro,,,,
220,2022-03-31 00:00:00,Peoples Place Hudson,"Peoples Place Hudson Amsterdam, NL",6.0,,bunq,NL,,,,euro,,,,
221,2022-03-31 00:00:00,Peoples Place Hudson,"Peoples Place Hudson Amsterdam, NL",2.0,,bunq,NL,,,,euro,,,,
222,2022-03-31 00:00:00,Trainmore Piet Heinkade,29-03-2022 / 25-04-2022,42.0,,bunq,NL,,,,euro,,,,
223,2022-03-31 00:00:00,Peoples Place Manhatta,"Peoples Place Manhatta Amsterdam, NL",1.0,,bunq,NL,,,,euro,,,,
224,2022-03-31 00:00:00,Peoples Place Hudson,"Peoples Place Hudson Amsterdam, NL",17.0,,bunq,NL,,,,euro,,,,
225,2022-03-31 00:00:00,Peoples Place Hudson,"Peoples Place Hudson Amsterdam, NL",3.5,,bunq,NL,,,,euro,,,,
226,2022-03-31 00:00:00,ABN AMRO Bank NV,000443324103 0030010007658210 Kolar NL37ABNA0824274660,8.5,,bunq,NL,,,,euro,,,,
227,2022-04-01 00:00:00,ALBERT HEIJN 2211,"ALBERT HEIJN 2211 AMSTERDAM, NL",1.54,,bunq,NL,,,,euro,,,,
228,2022-04-01 00:00:00,N. Ncube,29-03-2022 / 25-04-2022,,42.0,bunq,NL,,,,euro,,,,
229,2022-04-01 00:00:00,N. Ncube,,,10.0,bunq,NL,,,,euro,,,,
230,2022-04-01 00:00:00,Nomzamo,,10.0,,bunq,NL,,,,euro,,,,
231,2022-04-01 00:00:00,N. Ncube,Currency Conversion ZAR-EUR (112.00),,6.89,bunq,NL,,,,euro,,,,
232,2022-04-01 00:00:00,N. Ncube,"Zneckbar V.O.F. AMSTERDAM, NL",,7.75,bunq,NL,,,,euro,,,,
233,2022-04-01 00:00:00,N. Ncube,"Peoples Place Bryant P Amterdam, NL",,2.4,bunq,NL,,,,euro,,,,
234,2022-04-01 00:00:00,N. Ncube,"Peoples Place Hudson Amsterdam, NL",,6.0,bunq,NL,,,,euro,,,,
235,2022-04-01 00:00:00,N. Ncube,"Peoples Place Hudson Amsterdam, NL",,2.0,bunq,NL,,,,euro,,,,
236,2022-04-01 00:00:00,N. Ncube,"Peoples Place Manhatta Amsterdam, NL",,1.0,bunq,NL,,,,euro,,,,
237,2022-04-01 00:00:00,N. Ncube,"Peoples Place Hudson Amsterdam, NL",,3.5,bunq,NL,,,,euro,,,,
238,2022-04-01 00:00:00,Nomzamo,,50.0,,bunq,NL,,,,euro,,,,
239,2022-04-01 00:00:00,N. Ncube,"Peoples Place Hudson Amsterdam, NL",,17.0,bunq,NL,,,,euro,,,,
240,2022-04-01 00:00:00,N. Ncube,000443324103 0030010007658210 Kolar NL37ABNA0824274660,,8.5,bunq,NL,,,,euro,,,,
241,2022-04-01 00:00:00,bunq,Interest payment,,0.13,bunq,NL,,,,euro,,,,
242,2022-04-02 00:00:00,ALBERT HEIJN 2211,"ALBERT HEIJN 2211 AMSTERDAM, NL",8.72,,bunq,NL,,,,euro,,,,
243,2022-04-02 00:00:00,N. Ncube,"ALBERT HEIJN 2211 AMSTERDAM, NL",,8.72,bunq,NL,,,,euro,,,,
244,2022-04-02 00:00:00,De Notenshop V.O.F. by Buckaroo,101026806 1030000588441207 De Notenshop - Buckaroo,66.6,,bunq,NL,,,,euro,,,,
245,2022-04-02 00:00:00,CCV*KFC BOS EM LOMMER,"CCV*KFC BOS EM LOMMER AMSTERDAM, NL",4.95,,bunq,NL,,,,euro,,,,
246,2022-04-03 00:00:00,CCV*Little Collins Wes,"CCV*Little Collins Wes AMSTERDAM, NL",20.25,,bunq,NL,,,,euro,,,,
247,2022-04-03 00:00:00,Blokker421Amsterdam,"Blokker421Amsterdam AMSTERDAM, NL",16.05,,bunq,NL,,,,euro,,,,
248,2022-04-03 00:00:00,K.N. Maisiri,,,10.95,bunq,NL,,,,euro,,,,
249,2022-04-03 00:00:00,Drogisterij IJburg,"Drogisterij IJburg AMSTERDAM, NL",6.45,,bunq,NL,,,,euro,,,,
250,2022-04-03 00:00:00,Vomar IJburg,"Vomar IJburg AMSTERDAM, NL",40.01,,bunq,NL,,,,euro,,,,
251,2022-04-04 00:00:00,Easylaughs School of Improvisation Stichting,REFUND - CNCLD - Improv Taster - 02 Apr,,12.5,bunq,NL,,,,euro,,,,
252,2022-04-04 00:00:00,N. Ncube,"Vomar IJburg AMSTERDAM, NL",,40.01,bunq,NL,,,,euro,,,,
253,2022-04-04 00:00:00,Waternet/Gem. Amsterdam,"Klant: 1020036058, Factuur: 2016717342",12.0,,bunq,NL,,,,euro,,,,
254,2022-04-04 00:00:00,BUDGET MOB HOL VH BUDGET,O227078490/+31610316325 - Onbeperkt 1 jaar (kenmerk: 1200-0000-3125-9548),20.0,,bunq,NL,,,,euro,,,,
255,2022-04-04 00:00:00,H.A.Ligtvoet,Nomie,120.0,,bunq,NL,,,,euro,,,,
256,2022-04-05 00:00:00,Peoples Place Manhatta,"Peoples Place Manhatta Amsterdam, NL",2.5,,bunq,NL,,,,euro,,,,
257,2022-04-05 00:00:00,Peoples Place Bryant P,"Peoples Place Bryant P Amterdam, NL",2.4,,bunq,NL,,,,euro,,,,
258,2022-04-05 00:00:00,Peoples Place Hudson,"Peoples Place Hudson Amsterdam, NL",6.0,,bunq,NL,,,,euro,,,,
259,2022-04-05 00:00:00,BPD Woningfonds,216102547 / APRIL 2022 EEF KAMERBEEKSTRAAT 206 BPD WONINGFONDS N. Ncube,1207.0,,bunq,NL,,,,euro,,,,
260,2022-04-05 00:00:00,N. Ncube,216102547 / APRIL 2022 EEF KAMERBEEKSTRAAT 206 BPD WONINGFONDS N. Ncube,,1207.0,bunq,NL,,,,euro,,,,
261,2022-04-05 00:00:00,RITUALS COSMETICS NETH,"RITUALS COSMETICS NETH Amsterdam, NL",23.9,,bunq,NL,,,,euro,,,,
262,2022-04-05 00:00:00,PYV*Manneken Pis,"PYV*Manneken Pis AMSTERDAM, NL",4.9,,bunq,NL,,,,euro,,,,
263,2022-04-06 00:00:00,GREENCHOICE,Uw termijnnota met notanummer GC0086706402 over april 2022 voor postcode 1095MP,50.0,,bunq,NL,,,,euro,,,,
264,2022-04-06 00:00:00,Coolblue,WC8KFTNL7HBSC2C2JFZS 0180209628048082 trnsnr:446048806,149.0,,bunq,NL,,,,euro,,,,
265,2022-04-06 00:00:00,CCV*CAMEEL BV,"CCV*CAMEEL BV AMSTERDAM, NL",65.7,,bunq,NL,,,,euro,,,,
266,2022-04-06 00:00:00,Mw P Budusan,,,34.0,bunq,NL,,,,euro,,,,
267,2022-04-08 00:00:00,N. Ncube,,16.5,,bunq,NL,,,,euro,,,,
268,2022-04-09 00:00:00,ZTL*Espressi,"ZTL*Espressi AMSTERDAM, NL",10.0,,bunq,NL,,,,euro,,,,
269,2022-04-09 00:00:00,ZTL*Espressi,"Refund: ZTL*Espressi AMSTERDAM, NL",,10.0,bunq,NL,,,,euro,,,,
270,2022-04-09 00:00:00,ZTL*Espressi,"ZTL*Espressi AMSTERDAM, NL",7.0,,bunq,NL,,,,euro,,,,
271,2022-04-09 00:00:00,Stage Heroes via Mollie,M05828314MCWKQX9 1150010094495984 3646257 stageheroes.nl,361.79,,bunq,NL,,,,euro,,,,
272,2022-04-09 00:00:00,ETOS 7596,"ETOS 7596 AMSTERDAM, NL",15.17,,bunq,NL,,,,euro,,,,
273,2022-04-09 00:00:00,Albert Heijn 1040,"Albert Heijn 1040 AMSTERDAM, NL",4.71,,bunq,NL,,,,euro,,,,
274,2022-04-11 00:00:00,Trekpleister 1431,"Trekpleister 1431 AMSTERDAM, NL",1.29,,bunq,NL,,,,euro,,,,
275,2022-04-11 00:00:00,ABN AMRO Bank NV,000448020943 0030010115408708 Donata Kukyte NL50ABNA0868176044,15.0,,bunq,NL,,,,euro,,,,
276,2022-04-12 00:00:00,STRIPE,TICKETSWAP,,31.54,bunq,NL,,,,euro,,,,
277,2022-04-12 00:00:00,Peoples Place Manhatta,"Peoples Place Manhatta Amsterdam, NL",3.75,,bunq,NL,,,,euro,,,,
278,2022-04-12 00:00:00,Peoples Place Bryant P,"Peoples Place Bryant P Amterdam, NL",2.0,,bunq,NL,,,,euro,,,,
279,2022-04-13 00:00:00,Action 1374,"Action 1374 Amsterdam, NL",71.39,,bunq,NL,,,,euro,,,,
280,2022-04-13 00:00:00,N. Ncube,,,16.5,bunq,NL,,,,euro,,,,
281,2022-04-14 00:00:00,Decathlon Netherlands B.V. by Buckaroo,nl1682854366 1030000596416392 nl1682854366 - decathlon.nl,4.99,,bunq,NL,,,,euro,,,,
282,2022-04-14 00:00:00,ALBERT HEIJN 2211,"ALBERT HEIJN 2211 AMSTERDAM, NL",0.99,,bunq,NL,,,,euro,,,,
283,2022-04-14 00:00:00,Amazon EU SARL,4X8EKLU 0140000069455714 AmazonRetail,149.99,,bunq,NL,,,,euro,,,,
284,2022-04-14 00:00:00,SEP*BLUEYS Bar,"SEP*BLUEYS Bar Amsterdam, NL",4.8,,bunq,NL,,,,euro,,,,
285,2022-04-14 00:00:00,Action 1374,"Action 1374 Amsterdam, NL",23.44,,bunq,NL,,,,euro,,,,
286,2022-04-15 00:00:00,CCV*Sami Hair & Beauty,"CCV*Sami Hair & Beauty AMSTERDAM, NL",12.0,,bunq,NL,,,,euro,,,,
287,2022-04-15 00:00:00,Decathlon Amsterdam,"Decathlon Amsterdam AMSTERDAM ZUI, NL",24.98,,bunq,NL,,,,euro,,,,
288,2022-04-15 00:00:00,SEP*30ML COFFEE & FOOD,"SEP*30ML COFFEE & FOOD Amsterdam-Zui, NL",26.35,,bunq,NL,,,,euro,,,,
289,2022-04-15 00:00:00,IKEA Amsterdam,"IKEA Amsterdam AMSTERDAM, NL",1.99,,bunq,NL,,,,euro,,,,
290,2022-04-15 00:00:00,IKEA Amsterdam,"IKEA Amsterdam AMSTERDAM, NL",51.71,,bunq,NL,,,,euro,,,,
291,2022-04-15 00:00:00,ALBERT HEIJN 2211,"ALBERT HEIJN 2211 AMSTERDAM, NL",10.18,,bunq,NL,,,,euro,,,,
292,2022-04-17 00:00:00,ALBERT HEIJN 2211,"ALBERT HEIJN 2211 AMSTERDAM, NL",2.59,,bunq,NL,,,,euro,,,,
293,2022-04-17 00:00:00,Albert Heijn 1328,"Albert Heijn 1328 AMSTERDAM, NL",6.59,,bunq,NL,,,,euro,,,,
294,2022-04-17 00:00:00,SumUp  *Vondelpark,"SumUp  *Vondelpark Diemen, NL",1.0,,bunq,NL,,,,euro,,,,
295,2022-04-17 00:00:00,PJ Overtoom,"PJ Overtoom AMSTERDAM, NL",18.48,,bunq,NL,,,,euro,,,,
296,2022-04-18 00:00:00,PYV*Manneken Pis,"PYV*Manneken Pis AMSTERDAM, NL",5.2,,bunq,NL,,,,euro,,,,
297,2022-04-18 00:00:00,ETOS 7763,"ETOS 7763 AMSTERDAM, NL",15.74,,bunq,NL,,,,euro,,,,
298,2022-04-18 00:00:00,Action 1374,"Action 1374 Amsterdam, NL",19.9,,bunq,NL,,,,euro,,,,
299,2022-04-18 00:00:00,ALBERT HEIJN 2211,"ALBERT HEIJN 2211 AMSTERDAM, NL",8.34,,bunq,NL,,,,euro,,,,
300,2022-04-19 00:00:00,bunq,invoice 8268634,8.99,,bunq,NL,,,,euro,,,,
301,2022-04-19 00:00:00,Peoples Place Manhatta,"Peoples Place Manhatta Amsterdam, NL",4.0,,bunq,NL,,,,euro,,,,
302,2022-04-19 00:00:00,Peoples Place Manhatta,"Peoples Place Manhatta Amsterdam, NL",4.0,,bunq,NL,,,,euro,,,,
303,2022-04-19 00:00:00,Peoples Place Hudson,"Peoples Place Hudson Amsterdam, NL",2.9,,bunq,NL,,,,euro,,,,
304,2022-04-19 00:00:00,DITZO,7585397304 Premie periode 15-04-2022 - 14-05-2022 Ditzo Doorlopende Reisverz.,2.77,,bunq,NL,,,,euro,,,,
305,2022-04-19 00:00:00,Trekpleister 1431,"Trekpleister 1431 AMSTERDAM, NL",3.99,,bunq,NL,,,,euro,,,,
306,2022-04-19 00:00:00,Salsa Shop Fer Bol,"Salsa Shop Fer Bol AMSTERDAM, NL",9.95,,bunq,NL,,,,euro,,,,
307,2022-04-20 00:00:00,N. Ncube,"SEP*BLUEYS Bar Amsterdam, NL",,4.8,bunq,NL,,,,euro,,,,
308,2022-04-20 00:00:00,N. Ncube,"ALBERT HEIJN 2211 AMSTERDAM, NL",,10.18,bunq,NL,,,,euro,,,,
309,2022-04-20 00:00:00,N. Ncube,"ALBERT HEIJN 2211 AMSTERDAM, NL",,2.59,bunq,NL,,,,euro,,,,
310,2022-04-20 00:00:00,N. Ncube,"Albert Heijn 1328 AMSTERDAM, NL",,6.59,bunq,NL,,,,euro,,,,
311,2022-04-20 00:00:00,N. Ncube,"ALBERT HEIJN 2211 AMSTERDAM, NL",,8.34,bunq,NL,,,,euro,,,,
312,2022-04-20 00:00:00,Nomzamo,,50.0,,bunq,NL,,,,euro,,,,
313,2022-04-20 00:00:00,N. Ncube,"Peoples Place Manhatta Amsterdam, NL",,4.0,bunq,NL,,,,euro,,,,
314,2022-04-20 00:00:00,N. Ncube,"Salsa Shop Fer Bol AMSTERDAM, NL",,9.95,bunq,NL,,,,euro,,,,
315,2022-04-20 00:00:00,N. Ncube,"Peoples Place Hudson Amsterdam, NL",,2.9,bunq,NL,,,,euro,,,,
316,2022-04-20 00:00:00,N. Ncube,"Peoples Place Hudson Amsterdam, NL",,2.9,bunq,NL,,,,euro,,,,
317,2022-04-20 00:00:00,N. Ncube,"Peoples Place Manhatta Amsterdam, NL",,4.0,bunq,NL,,,,euro,,,,
318,2022-04-20 00:00:00,N. Ncube,"Peoples Place Manhatta Amsterdam, NL",,4.0,bunq,NL,,,,euro,,,,
319,2022-04-20 00:00:00,N. Ncube,"SEP*30ML COFFEE & FOOD Amsterdam-Zui, NL",,26.35,bunq,NL,,,,euro,,,,
320,2022-04-20 00:00:00,N. Ncube,"Peoples Place Bryant P Amterdam, NL",,2.0,bunq,NL,,,,euro,,,,
321,2022-04-20 00:00:00,V.O.F. Zorg en Natuur via Mollie,M13571171MCZLIAW 1150010193800342 Order 268563 zorgnatuur.nl,104.95,,bunq,NL,,,,euro,,,,
322,2022-04-20 00:00:00,ALBERT HEIJN 2211,"ALBERT HEIJN 2211 AMSTERDAM, NL",13.15,,bunq,NL,,,,euro,,,,
323,2022-04-21 00:00:00,AH togo A'damOst 5822,"AH togo A'damOst 5822 AMSTERDAM, NL",1.8,,bunq,NL,,,,euro,,,,
324,2022-04-21 00:00:00,RAP*PVH Sample Sale,"RAP*PVH Sample Sale HOOFDDORP, NL",66.15,,bunq,NL,,,,euro,,,,
325,2022-04-23 00:00:00,ALBERT HEIJN 2211,"ALBERT HEIJN 2211 AMSTERDAM, NL",0.99,,bunq,NL,,,,euro,,,,
326,2022-04-23 00:00:00,iZ *Vu QT,"iZ *Vu QT HEERHUGOWAARD, NL",3.0,,bunq,NL,,,,euro,,,,
327,2022-04-23 00:00:00,C&M*De Vierslag,"C&M*De Vierslag NIEUWEROORD, NL",33.6,,bunq,NL,,,,euro,,,,
328,2022-04-23 00:00:00,Winkel 43,"Winkel 43 AMSTERDAM, NL",4.3,,bunq,NL,,,,euro,,,,
329,2022-04-23 00:00:00,ETOS 7776,"ETOS 7776 AMSTERDAM, NL",26.47,,bunq,NL,,,,euro,,,,
330,2022-04-23 00:00:00,Cafe Czaar,"Cafe Czaar Amsterdam, NL",18.6,,bunq,NL,,,,euro,,,,
331,2022-04-23 00:00:00,ALBERT HEIJN 1117,"ALBERT HEIJN 1117 AMSTERDAM, NL",2.2,,bunq,NL,,,,euro,,,,
332,2022-04-24 00:00:00,ALBERT HEIJN 2211,"ALBERT HEIJN 2211 AMSTERDAM, NL",5.04,,bunq,NL,,,,euro,,,,
333,2022-04-25 00:00:00,PVH EUROPE,Salary April 2022,,3368.03,bunq,NL,,,,euro,,,,
334,2022-04-26 00:00:00,ALBERT HEIJN 2211,"ALBERT HEIJN 2211 AMSTERDAM, NL",5.91,,bunq,NL,,,,euro,,,,
335,2022-04-26 00:00:00,Peoples Place Hudson,"Peoples Place Hudson Amsterdam, NL",8.5,,bunq,NL,,,,euro,,,,
336,2022-04-27 00:00:00,ALBERT HEIJN 2211,"ALBERT HEIJN 2211 AMSTERDAM, NL",9.52,,bunq,NL,,,,euro,,,,
337,2022-04-27 00:00:00,iZ *Kafenio,"iZ *Kafenio AMSTERDAM, NL",3.75,,bunq,NL,,,,euro,,,,
338,2022-04-27 00:00:00,ZTL*Unit Catering BV,"ZTL*Unit Catering BV Medemblik, NL",4.5,,bunq,NL,,,,euro,,,,
339,2022-04-27 00:00:00,Bar Twenty Two,"Bar Twenty Two AMSTERDAM, NL",16.5,,bunq,NL,,,,euro,,,,
340,2022-04-28 00:00:00,ALBERT HEIJN 2211,"ALBERT HEIJN 2211 AMSTERDAM, NL",2.05,,bunq,NL,,,,euro,,,,
341,2022-04-28 00:00:00,Waternet/Gem. Amsterdam,"Klant: 1020036058, Factuur: 2017240743",13.0,,bunq,NL,,,,euro,,,,
342,2022-04-28 00:00:00,Trainmore Piet Heinkade,26-04-2022 / 23-05-2022,41.0,,bunq,NL,,,,euro,,,,
343,2022-04-29 00:00:00,NS GROEP IZ NS REIZIGERS,Factuur: 450006054459,141.56,,bunq,NL,,,,euro,,,,
344,2022-04-29 00:00:00,CCV*DOE MAAR LEKKER BV,"CCV*DOE MAAR LEKKER BV AMSTERDAM, NL",24.0,,bunq,NL,,,,euro,,,,
345,2022-04-30 00:00:00,Treatwell BNL B.V.,2JCTG7B 0140000424655442 TREATWELL,50.0,,bunq,NL,,,,euro,,,,
346,2022-04-30 00:00:00,Cafe Brecht,"Cafe Brecht AMSTERDAM, NL",7.0,,bunq,NL,,,,euro,,,,
347,2022-04-30 00:00:00,ALBERT HEIJN 2211,"ALBERT HEIJN 2211 AMSTERDAM, NL",10.74,,bunq,NL,,,,euro,,,,
348,2022-05-01 00:00:00,ALBERT HEIJN 2211,"ALBERT HEIJN 2211 AMSTERDAM, NL",0.99,,bunq,NL,,,,euro,,,,
349,2022-05-01 00:00:00,bunq,Interest payment,,0.17,bunq,NL,,,,euro,,,,
350,2022-05-01 00:00:00,Twinsport Amsterdam,"Twinsport Amsterdam AMSTERDAM, NL",29.99,,bunq,NL,,,,euro,,,,
351,2022-05-01 00:00:00,Delicatesse Shilla,"Delicatesse Shilla AMSTERDAM, NL",28.5,,bunq,NL,,,,euro,,,,
352,2022-05-01 00:00:00,CCV*TANUKI JAPANS EETC,"CCV*TANUKI JAPANS EETC AMSTERDAM, NL",6.45,,bunq,NL,,,,euro,,,,
353,2022-05-03 00:00:00,Peoples Place Hudson,"Peoples Place Hudson Amsterdam, NL",6.0,,bunq,NL,,,,euro,,,,
354,2022-05-03 00:00:00,Peoples Place Hudson,"Peoples Place Hudson Amsterdam, NL",2.5,,bunq,NL,,,,euro,,,,
355,2022-05-03 00:00:00,PURCHASE SAMPLE SALE,"PURCHASE SAMPLE SALE HOOFDDORP, NL",235.2,,bunq,NL,,,,euro,,,,
356,2022-05-03 00:00:00,Nomzamo,,1500.0,,bunq,NL,,,,euro,,,,
357,2022-05-03 00:00:00,BPD Woningfonds,216103500 / MEI 2022 EEF KAMERBEEKSTRAAT 206 BPD WONINGFONDS N. Ncube,1207.0,,bunq,NL,,,,euro,,,,
358,2022-05-03 00:00:00,Vattenfall Klantenservice N.V.,"517503894821 Factnr 40052262423 BTW 13,02 Termijn apr 2022 Klantnr 25131236 CRN 3015061646 Eef Kamerbeekstra 206  1095 MP AMST",75.0,,bunq,NL,,,,euro,,,,
359,2022-05-03 00:00:00,N. Ncube,216103500 / MEI 2022 EEF KAMERBEEKSTRAAT 206 BPD WONINGFONDS N. Ncube,,1207.0,bunq,NL,,,,euro,,,,
360,2022-05-03 00:00:00,NOODLEBAR CENTRAAL,"NOODLEBAR CENTRAAL AMSTERDAM, NL",7.5,,bunq,NL,,,,euro,,,,
361,2022-05-03 00:00:00,ALBERT HEIJN 2211,"ALBERT HEIJN 2211 AMSTERDAM, NL",4.68,,bunq,NL,,,,euro,,,,
362,2022-05-04 00:00:00,BUDGET MOBIEL,O227280301/+31610316325 - Onbeperkt 1 jaar (kenmerk: 1200-0000-3125-9548),20.0,,bunq,NL,,,,euro,,,,
363,2022-05-05 00:00:00,SNS Betaalverzoek,GAsare 0750010366924688 NL33SNSB0787869163 Diversen,130.0,,bunq,NL,,,,euro,,,,
364,2022-05-06 00:00:00,GREENCHOICE,Uw termijnnota met notanummer GC0087374234 over mei 2022 voor postcode 1095MP,50.0,,bunq,NL,,,,euro,,,,
365,2022-05-06 00:00:00,CCV*CAFE VAN ZUYLEN,"CCV*CAFE VAN ZUYLEN AMSTERDAM, NL",17.6,,bunq,NL,,,,euro,,,,
366,2022-05-07 00:00:00,Menzies Aviation,"Menzies Aviation LUCHTHAVEN SC, NL",29.0,,bunq,NL,,,,euro,,,,
367,2022-05-12 00:00:00,ALBERT HEIJN 1653,"ALBERT HEIJN 1653 SCHIPHOL, NL",7.07,,bunq,NL,,,,euro,,,,
368,2022-05-13 00:00:00,ALBERT HEIJN 2211,"ALBERT HEIJN 2211 AMSTERDAM, NL",2.99,,bunq,NL,,,,euro,,,,
369,2022-05-13 00:00:00,Thuisbezorgd.nl via Takeaway.com,WMTCAB 0030010442331432 bestelling Natraj Indian Resta via,24.08,,bunq,NL,,,,euro,,,,
370,2022-05-14 00:00:00,DERMA KLINIEK AMSTERDA,"DERMA KLINIEK AMSTERDA AMSTERDAM, NL",892.0,,bunq,NL,,,,euro,,,,
371,2022-05-15 00:00:00,Amazon Payments Europe SCA collecting for AMZN MKTP NL,3MOF8XQ 0140000441442360 Amzn Mktp NL AMZN MKTP NL,58.96,,bunq,NL,,,,euro,,,,
372,2022-05-15 00:00:00,ALBERT HEIJN 2211,"ALBERT HEIJN 2211 AMSTERDAM, NL",15.36,,bunq,NL,,,,euro,,,,
373,2022-05-15 00:00:00,Lisa Allegre,,30.0,,bunq,NL,,,,euro,,,,
374,2022-05-16 00:00:00,ING Bank NV Betaalverzoek collecting for ING Betaalverzoek,AECallenbachNL96INGB0748157352 0051100088510802 Lamp ING Betaalverzoek,17.5,,bunq,NL,,,,euro,,,,
375,2022-05-17 00:00:00,DITZO,7585397304 Premie periode 15-05-2022 - 14-06-2022 Ditzo Doorlopende Reisverz.,2.77,,bunq,NL,,,,euro,,,,
376,2022-05-18 00:00:00,SEP*BLUEYS Bar,"SEP*BLUEYS Bar Amsterdam, NL",26.3,,bunq,NL,,,,euro,,,,
377,2022-05-18 00:00:00,CCV*Doner Imperium,"CCV*Doner Imperium AMSTERDAM, NL",6.49,,bunq,NL,,,,euro,,,,
378,2022-05-18 00:00:00,ALBERT HEIJN 2211,"ALBERT HEIJN 2211 AMSTERDAM, NL",27.9,,bunq,NL,,,,euro,,,,
379,2022-05-19 00:00:00,bunq,invoice 8541247,8.99,,bunq,NL,,,,euro,,,,
380,2022-05-19 00:00:00,ALBERT HEIJN 2211,"ALBERT HEIJN 2211 AMSTERDAM, NL",10.17,,bunq,NL,,,,euro,,,,
381,2022-05-20 00:00:00,VanGoghMuseum by Adyen,DJXM5K65BQZ87F32 0030010512280610 GT-4628090,19.0,,bunq,NL,,,,euro,,,,
382,2022-05-20 00:00:00,N. Ncube,,,150.0,bunq,NL,,,,euro,,,,
383,2022-05-20 00:00:00,N. Ncube,,,80.0,bunq,NL,,,,euro,,,,
384,2022-05-21 00:00:00,ALBERT HEIJN 2211,"ALBERT HEIJN 2211 AMSTERDAM, NL",0.99,,bunq,NL,,,,euro,,,,
385,2022-05-21 00:00:00,Haringhandel Nijhuis,"Haringhandel Nijhuis Volendam, NL",2.75,,bunq,NL,,,,euro,,,,
386,2022-05-21 00:00:00,De Haven van Texel,"De Haven van Texel AMSTERDAM, NL",52.25,,bunq,NL,,,,euro,,,,
387,2022-05-21 00:00:00,Cafe Zwart,"Cafe Zwart Amsterdam, NL",62.0,,bunq,NL,,,,euro,,,,
388,2022-05-21 00:00:00,McDonald's Muntplein,"McDonald's Muntplein AMSTERDAM, NL",5.8,,bunq,NL,,,,euro,,,,
389,2022-05-22 00:00:00,Visspeciaalzaak Volend,"Visspeciaalzaak Volend AMSTERDAM, NL",41.5,,bunq,NL,,,,euro,,,,
390,2022-05-22 00:00:00,CCV*SUPERMARKT EL JAWH,"CCV*SUPERMARKT EL JAWH AMSTERDAM, NL",18.4,,bunq,NL,,,,euro,,,,
391,2022-05-22 00:00:00,Lidl 507 Amsterdam,"Lidl 507 Amsterdam AMSTERDAM, NL",17.62,,bunq,NL,,,,euro,,,,
392,2022-05-23 00:00:00,ALBERT HEIJN 2211,"ALBERT HEIJN 2211 AMSTERDAM, NL",8.6,,bunq,NL,,,,euro,,,,
393,2022-05-24 00:00:00,Marqt Bilderdijkstr,"Marqt Bilderdijkstr AMSTERDAM, NL",3.24,,bunq,NL,,,,euro,,,,
394,2022-05-24 00:00:00,ABN AMRO Bank NV,000467542793 0030010556784286 Van Den Berg NL96INGB0008829948,10.0,,bunq,NL,,,,euro,,,,
395,2022-05-24 00:00:00,WP_MeatlessDistrict,"WP_MeatlessDistrict Amsterdam, NL",18.0,,bunq,NL,,,,euro,,,,
396,2022-05-25 00:00:00,PVH EUROPE,Salary May 2022,,3886.6,bunq,NL,,,,euro,,,,
397,2022-05-25 00:00:00,West End Boys BV,"West End Boys BV Amsterdam, NL",31.9,,bunq,NL,,,,euro,,,,
398,2022-05-25 00:00:00,T-MOBILE THUIS B.V.,T-Mobile Thuis NTV56735 Factuur TMT1023607523,35.0,,bunq,NL,,,,euro,,,,
399,2022-05-26 00:00:00,ALBERT HEIJN 2211,"ALBERT HEIJN 2211 AMSTERDAM, NL",7.14,,bunq,NL,,,,euro,,,,
400,2022-05-26 00:00:00,NS GROEP IZ NS REIZIGERS,Factuur: 410006465635,117.54,,bunq,NL,,,,euro,,,,
401,2022-05-26 00:00:00,ALBERT HEIJN 2211,"ALBERT HEIJN 2211 AMSTERDAM, NL",0.59,,bunq,NL,,,,euro,,,,
402,2022-05-27 00:00:00,Trainmore Piet Heinkade,24-05-2022 / 20-06-2022,42.0,,bunq,NL,,,,euro,,,,
403,2022-05-28 00:00:00,iZ *Manic Organic,"iZ *Manic Organic S-GRAVENHAGE, NL",6.5,,bunq,NL,,,,euro,,,,
404,2022-05-28 00:00:00,Bao & Bowl,"Bao & Bowl HELLEVOETSLUI, NL",7.5,,bunq,NL,,,,euro,,,,
405,2022-05-28 00:00:00,SumUp  *Espressofabrie,"SumUp  *Espressofabrie Amsterdam, NL",3.9,,bunq,NL,,,,euro,,,,
406,2022-05-28 00:00:00,CCV*AMSTERDAM CENTRAL,"CCV*AMSTERDAM CENTRAL AMSTERDAM, NL",31.45,,bunq,NL,,,,euro,,,,
407,2022-05-28 00:00:00,AH to Go Asd 5822,"AH to Go Asd 5822 AMSTERDAM, NL",2.15,,bunq,NL,,,,euro,,,,
408,2022-05-28 00:00:00,CCV*O DONNELS,"CCV*O DONNELS AMSTERDAM, NL",7.5,,bunq,NL,,,,euro,,,,
409,2022-05-28 00:00:00,Waterkant,"Waterkant Amsterdam, NL",3.0,,bunq,NL,,,,euro,,,,
410,2022-05-29 00:00:00,ALBERT HEIJN 2211,"ALBERT HEIJN 2211 AMSTERDAM, NL",4.53,,bunq,NL,,,,euro,,,,
411,2022-05-29 00:00:00,Action 1374,"Action 1374 Amsterdam, NL",21.42,,bunq,NL,,,,euro,,,,
412,2022-05-29 00:00:00,Drogisterij IJburg,"Drogisterij IJburg AMSTERDAM, NL",58.53,,bunq,NL,,,,euro,,,,
413,2022-05-29 00:00:00,Vomar IJburg,"Vomar IJburg AMSTERDAM, NL",25.36,,bunq,NL,,,,euro,,,,
414,2022-05-30 00:00:00,Thuisbezorgd.nl via Takeaway.com,ZEYAXV 0030010628351886 bestelling Beykoz Home via,22.7,,bunq,NL,,,,euro,,,,
415,2022-05-30 00:00:00,ALBERT HEIJN 2211,"ALBERT HEIJN 2211 AMSTERDAM, NL",14.9,,bunq,NL,,,,euro,,,,
416,2022-05-31 00:00:00,Peoples Place Manhatta,"Peoples Place Manhatta Amsterdam, NL",8.0,,bunq,NL,,,,euro,,,,
417,2022-05-31 00:00:00,Waternet/Gem. Amsterdam,"Klant: 1020036058, Factuur: 2017713011",14.0,,bunq,NL,,,,euro,,,,
418,2022-05-31 00:00:00,De Bijenkorf,"De Bijenkorf Amsterdam, NL",45.0,,bunq,NL,,,,euro,,,,
419,2022-05-31 00:00:00,TJX NEDERLAND AMSTERDA,"TJX NEDERLAND AMSTERDA AMSTERDAM, NL",67.98,,bunq,NL,,,,euro,,,,
420,2022-06-01 00:00:00,Bolt Technology OÃœ,J9QQZH8PJP2PV832Z18K 0180215217046151 BOLT.EU/C/2206010648,50.0,,bunq,NL,,,,euro,,,,
421,2022-06-01 00:00:00,ZTL*Tigris Taxi,"ZTL*Tigris Taxi ALMERE, NL",45.0,,bunq,NL,,,,euro,,,,
422,2022-06-01 00:00:00,BOLT.EU,TX630485221XT Refund BOLT.EU/C/2206010648,,50.0,bunq,NL,,,,euro,,,,
423,2022-06-01 00:00:00,bunq,Interest payment,,0.16,bunq,NL,,,,euro,,,,
424,2022-06-01 00:00:00,BPD Woningfonds,216104418 / JUNI 2022 EEF KAMERBEEKSTRAAT 206 BPD WONINGFONDS N. Ncube,1207.0,,bunq,NL,,,,euro,,,,
425,2022-06-01 00:00:00,Vattenfall Klantenservice N.V.,"517603771652 Factnr 40052589783 BTW 13,02 Termijn mei 2022 Klantnr 25131236 CRN 3015061646 Eef Kamerbeekstra 206  1095 MP AMST",75.0,,bunq,NL,,,,euro,,,,
426,2022-06-01 00:00:00,N. Ncube,,,24.0,bunq,NL,,,,euro,,,,
427,2022-06-01 00:00:00,N. Ncube,,,81.16,bunq,NL,,,,euro,,,,
428,2022-06-01 00:00:00,N. Ncube,,,10.1,bunq,NL,,,,euro,,,,
429,2022-06-01 00:00:00,N. Ncube,,,1.5,bunq,NL,,,,euro,,,,
430,2022-06-01 00:00:00,AH to Go Asd 5822,"AH to Go Asd 5822 AMSTERDAM, NL",2.5,,bunq,NL,,,,euro,,,,
431,2022-06-02 00:00:00,ALBERT HEIJN 2211,"ALBERT HEIJN 2211 AMSTERDAM, NL",4.24,,bunq,NL,,,,euro,,,,
432,2022-06-02 00:00:00,BUDGET MOBIEL,O227484474/+31610316325 - Onbeperkt 1 jaar (kenmerk: 1200-0000-3125-9548),20.0,,bunq,NL,,,,euro,,,,
433,2022-06-03 00:00:00,Zeedijk,"Zeedijk Amsterdam, NL",50.0,,bunq,NL,,,,euro,,,,
434,2022-06-03 00:00:00,ETOS 7992,"ETOS 7992 AMSTERDAM, NL",23.61,,bunq,NL,,,,euro,,,,
435,2022-06-03 00:00:00,CCV*BEN SIMON BV,"CCV*BEN SIMON BV AMSTERDAM, NL",3.7,,bunq,NL,,,,euro,,,,
436,2022-06-03 00:00:00,CCV*BEN SIMON BV,"CCV*BEN SIMON BV AMSTERDAM, NL",0.9,,bunq,NL,,,,euro,,,,
437,2022-06-03 00:00:00,TJX NEDERLAND AMSTERDA,"TJX NEDERLAND AMSTERDA AMSTERDAM, NL",0.3,,bunq,NL,,,,euro,,,,
438,2022-06-03 00:00:00,Morena aan de Amstel V,"Morena aan de Amstel V Amsterdam, NL",22.0,,bunq,NL,,,,euro,,,,
439,2022-06-03 00:00:00,AH to go Oostt.5822,"AH to go Oostt.5822 AMSTERDAM, NL",3.8,,bunq,NL,,,,euro,,,,
440,2022-06-04 00:00:00,JUMBO Buitenveldert,"JUMBO Buitenveldert AMSTERDAM, NL",2.29,,bunq,NL,,,,euro,,,,
441,2022-06-04 00:00:00,Albert Heijn 5607,"Albert Heijn 5607 AMSTERDAM, NL",4.7,,bunq,NL,,,,euro,,,,
442,2022-06-05 00:00:00,TicketSwap,45WJMCT 0140000073737505 TicketSwap,37.85,,bunq,NL,,,,euro,,,,
443,2022-06-05 00:00:00,SEP*BLUEYS Bar,"SEP*BLUEYS Bar Amsterdam, NL",9.3,,bunq,NL,,,,euro,,,,
444,2022-06-05 00:00:00,ALBERT HEIJN 1493,"ALBERT HEIJN 1493 AMSTERDAM, NL",1.19,,bunq,NL,,,,euro,,,,
445,2022-06-05 00:00:00,Action 1374,"Action 1374 Amsterdam, NL",25.58,,bunq,NL,,,,euro,,,,
446,2022-06-05 00:00:00,Action 1374,"Action 1374 Amsterdam, NL",1.78,,bunq,NL,,,,euro,,,,
447,2022-06-05 00:00:00,Amsterdam Open Air,"Amsterdam Open Air AMSTERDAM, NL",3.5,,bunq,NL,,,,euro,,,,
448,2022-06-05 00:00:00,Amsterdam Open Air,"Amsterdam Open Air AMSTERDAM, NL",7.95,,bunq,NL,,,,euro,,,,
449,2022-06-05 00:00:00,Amsterdam Open Air,"Amsterdam Open Air AMSTERDAM, NL",5.5,,bunq,NL,,,,euro,,,,
450,2022-06-05 00:00:00,Amsterdam Open Air,"Amsterdam Open Air AMSTERDAM, NL",6.25,,bunq,NL,,,,euro,,,,
451,2022-06-06 00:00:00,ALBERT HEIJN 2211,"ALBERT HEIJN 2211 AMSTERDAM, NL",3.88,,bunq,NL,,,,euro,,,,
452,2022-06-06 00:00:00,GREENCHOICE,Uw termijnnota met notanummer GC0087893929 over juni 2022 voor postcode 1095MP,50.0,,bunq,NL,,,,euro,,,,
453,2022-06-07 00:00:00,Peoples Place Manhatta,"Peoples Place Manhatta Amsterdam, NL",2.5,,bunq,NL,,,,euro,,,,
454,2022-06-07 00:00:00,Vomar IJburg,"Vomar IJburg AMSTERDAM, NL",58.7,,bunq,NL,,,,euro,,,,
455,2022-06-09 00:00:00,ALBERT HEIJN 2211,"ALBERT HEIJN 2211 AMSTERDAM, NL",3.29,,bunq,NL,,,,euro,,,,
456,2022-06-10 00:00:00,SEP*Bar bario,"SEP*Bar bario Amsterdam, NL",29.4,,bunq,NL,,,,euro,,,,
457,2022-06-11 00:00:00,TJX NEDERLAND AMSTERDA,"TJX NEDERLAND AMSTERDA AMSTERDAM, NL",8.99,,bunq,NL,,,,euro,,,,
458,2022-06-11 00:00:00,ETOS 7763,"ETOS 7763 AMSTERDAM, NL",7.14,,bunq,NL,,,,euro,,,,
459,2022-06-11 00:00:00,ETOS 7763,"ETOS 7763 AMSTERDAM, NL",0.1,,bunq,NL,,,,euro,,,,
460,2022-06-11 00:00:00,Douglas 24,"Douglas 24 AMSTERDAM, NL",33.94,,bunq,NL,,,,euro,,,,
461,2022-06-11 00:00:00,ALBERT HEIJN 2211,"ALBERT HEIJN 2211 AMSTERDAM, NL",2.99,,bunq,NL,,,,euro,,,,
462,2022-06-12 00:00:00,ALBERT HEIJN 2211,"ALBERT HEIJN 2211 AMSTERDAM, NL",0.6,,bunq,NL,,,,euro,,,,
463,2022-06-12 00:00:00,ALBERT HEIJN 2211,"ALBERT HEIJN 2211 AMSTERDAM, NL",2.05,,bunq,NL,,,,euro,,,,
464,2022-06-13 00:00:00,ALBERT HEIJN 2211,"ALBERT HEIJN 2211 AMSTERDAM, NL",0.25,,bunq,NL,,,,euro,,,,
465,2022-06-13 00:00:00,Amazon EU SARL,4UDZZVE AMAZONRETAIL AmazonRetail,,149.99,bunq,NL,,,,euro,,,,
466,2022-06-14 00:00:00,Peoples Place Hudson,"Peoples Place Hudson Amsterdam, NL",6.0,,bunq,NL,,,,euro,,,,
467,2022-06-14 00:00:00,Peoples Place Hudson,"Peoples Place Hudson Amsterdam, NL",2.4,,bunq,NL,,,,euro,,,,
468,2022-06-14 00:00:00,ALBERT HEIJN 2211,"ALBERT HEIJN 2211 AMSTERDAM, NL",3.98,,bunq,NL,,,,euro,,,,
469,2022-06-15 00:00:00,ALBERT HEIJN 2211,"ALBERT HEIJN 2211 AMSTERDAM, NL",8.28,,bunq,NL,,,,euro,,,,
470,2022-06-15 00:00:00,DITZO,7585397304 Premie periode 15-06-2022 - 14-07-2022 Ditzo Doorlopende Reisverz.,2.77,,bunq,NL,,,,euro,,,,
471,2022-06-15 00:00:00,ALBERT HEIJN 2211,"ALBERT HEIJN 2211 AMSTERDAM, NL",5.04,,bunq,NL,,,,euro,,,,
472,2022-06-16 00:00:00,SEP*BLUEYS Bar,"SEP*BLUEYS Bar Amsterdam, NL",45.9,,bunq,NL,,,,euro,,,,
473,2022-06-16 00:00:00,NOODLEBAR CENTRAAL,"NOODLEBAR CENTRAAL AMSTERDAM, NL",7.5,,bunq,NL,,,,euro,,,,
474,2022-06-17 00:00:00,V.O.F. Zorg en Natuur via Mollie,M13571171MDJ31ZY 1150010815342494 Order 271102 zorgnatuur.nl,107.05,,bunq,NL,,,,euro,,,,
475,2022-06-18 00:00:00,ALBERT HEIJN 2211,"ALBERT HEIJN 2211 AMSTERDAM, NL",10.51,,bunq,NL,,,,euro,,,,
476,2022-06-18 00:00:00,TicketingPayments via PAY.nl,1793105583X96d30 0370578141948090 1 Ticket for Wawa - An Amapian,21.0,,bunq,NL,,,,euro,,,,
477,2022-06-18 00:00:00,ALBERT HEIJN 2211,"ALBERT HEIJN 2211 AMSTERDAM, NL",8.46,,bunq,NL,,,,euro,,,,
478,2022-06-19 00:00:00,bunq,invoice 8828564,8.99,,bunq,NL,,,,euro,,,,
479,2022-06-19 00:00:00,De Sportkantine,"De Sportkantine AMSTERDAM, NL",26.4,,bunq,NL,,,,euro,,,,
480,2022-06-19 00:00:00,074 ALDI,"074 ALDI AMSTERDAM, NL",62.72,,bunq,NL,,,,euro,,,,
481,2022-06-19 00:00:00,nutribullet via PAY.nl,1793877516X9f512 0370668798815982 nutribullet 27655988084930,109.0,,bunq,NL,,,,euro,,,,
482,2022-06-19 00:00:00,Amazon Payments Europe SCA collecting for AMZN MKTP NL,2RQ8QEK 0140000427511355 Amzn Mktp NL AMZN MKTP NL,32.89,,bunq,NL,,,,euro,,,,
483,2022-06-20 00:00:00,AH to Go Asd 5822,"AH to Go Asd 5822 AMSTERDAM, NL",1.3,,bunq,NL,,,,euro,,,,
484,2022-06-20 00:00:00,CCV*STARBUCKS ADAM ZUI,"CCV*STARBUCKS ADAM ZUI AMSTERDAM, NL",5.5,,bunq,NL,,,,euro,,,,
485,2022-06-20 00:00:00,DERMA KLINIEK AMSTERDA,"DERMA KLINIEK AMSTERDA AMSTERDAM, NL",71.5,,bunq,NL,,,,euro,,,,
486,2022-06-20 00:00:00,ALBERT HEIJN 2211,"ALBERT HEIJN 2211 AMSTERDAM, NL",2.15,,bunq,NL,,,,euro,,,,
487,2022-06-21 00:00:00,Peoples Place Hudson,"Peoples Place Hudson Amsterdam, NL",6.0,,bunq,NL,,,,euro,,,,
488,2022-06-21 00:00:00,Peoples Place Manhatta,"Peoples Place Manhatta Amsterdam, NL",1.0,,bunq,NL,,,,euro,,,,
489,2022-06-21 00:00:00,Peoples Place Manhatta,"Peoples Place Manhatta Amsterdam, NL",1.0,,bunq,NL,,,,euro,,,,
490,2022-06-21 00:00:00,AH to Go Asd 5822,"AH to Go Asd 5822 AMSTERDAM, NL",1.3,,bunq,NL,,,,euro,,,,
491,2022-06-22 00:00:00,CCV*TBC SLOTERDIJK BV,"CCV*TBC SLOTERDIJK BV AMSTERDAM, NL",24.0,,bunq,NL,,,,euro,,,,
492,2022-06-22 00:00:00,"Kiosk 8903 2.0, ASD","Kiosk 8903 2.0, ASD AMSTERDAM, NL",1.4,,bunq,NL,,,,euro,,,,
493,2022-06-22 00:00:00,Vending Trainmore PH,"Vending Trainmore PH AMSTERDAM, NL",3.0,,bunq,NL,,,,euro,,,,
494,2022-06-22 00:00:00,ALBERT HEIJN 2211,"ALBERT HEIJN 2211 AMSTERDAM, NL",8.33,,bunq,NL,,,,euro,,,,
495,2022-06-23 00:00:00,Nieuwendammer pharmacy B.V,,148.4,,bunq,NL,,,,euro,,,,
496,2022-06-23 00:00:00,Peoples Place Manhatta,"Peoples Place Manhatta Amsterdam, NL",3.0,,bunq,NL,,,,euro,,,,
497,2022-06-23 00:00:00,Peoples Place Hudson,"Peoples Place Hudson Amsterdam, NL",7.0,,bunq,NL,,,,euro,,,,
498,2022-06-23 00:00:00,Peoples Place Hudson,"Peoples Place Hudson Amsterdam, NL",6.0,,bunq,NL,,,,euro,,,,
499,2022-06-24 00:00:00,PVH EUROPE,Salary June 2022,,3348.65,bunq,NL,,,,euro,,,,
500,2022-06-24 00:00:00,ALBERT HEIJN 2211,"ALBERT HEIJN 2211 AMSTERDAM, NL",8.92,,bunq,NL,,,,euro,,,,
501,2022-06-24 00:00:00,ALBERT HEIJN 2211,"ALBERT HEIJN 2211 AMSTERDAM, NL",2.49,,bunq,NL,,,,euro,,,,
502,2022-06-24 00:00:00,Rest. Feed Amsterdam,"Rest. Feed Amsterdam AMSTERDAM, NL",15.3,,bunq,NL,,,,euro,,,,
503,2022-06-25 00:00:00,SumUp  *TH Service,"SumUp  *TH Service Amsterdam, NL",19.0,,bunq,NL,,,,euro,,,,
504,2022-06-25 00:00:00,T-MOBILE THUIS B.V.,T-Mobile Thuis NTV56735 Factuur TMT1024202831,35.0,,bunq,NL,,,,euro,,,,
505,2022-06-25 00:00:00,Trainmore B.V.,21-06-2022 / 18-07-2022,40.0,,bunq,NL,,,,euro,,,,
506,2022-06-25 00:00:00,NS GROEP IZ NS REIZIGERS,Factuur: 440006533357,41.12,,bunq,NL,,,,euro,,,,
507,2022-06-25 00:00:00,PALLADIUM,"PALLADIUM AMSTERDAM, NL",18.7,,bunq,NL,,,,euro,,,,
508,2022-06-25 00:00:00,SEP*Kopstootbar B.V.,"SEP*Kopstootbar B.V. AMSTERDAM, NL",8.1,,bunq,NL,,,,euro,,,,
509,2022-06-26 00:00:00,ALBERT HEIJN 2211,"ALBERT HEIJN 2211 AMSTERDAM, NL",2.77,,bunq,NL,,,,euro,,,,
510,2022-06-26 00:00:00,Thuisbezorgd.nl via Takeaway.com,FLC5Y7 0030010921206798 bestelling Natraj Indian Resta via,25.08,,bunq,NL,,,,euro,,,,
511,2022-06-26 00:00:00,Nomzamo Ncube,,2000.0,,bunq,NL,,,,euro,,,,
512,2022-06-27 00:00:00,Waternet/Gem. Amsterdam,"Klant: 1020036058, Factuur: 2018111694",15.0,,bunq,NL,,,,euro,,,,
513,2022-06-27 00:00:00,CCV*AMSTERDAM CENTRAL,"CCV*AMSTERDAM CENTRAL AMSTERDAM, NL",25.15,,bunq,NL,,,,euro,,,,
514,2022-06-27 00:00:00,Amsterdam IJ-Hal 4208-,"Amsterdam IJ-Hal 4208- Amsterdam, NL",0.7,,bunq,NL,,,,euro,,,,
515,2022-06-27 00:00:00,Bershka Kalverstraat,"Bershka Kalverstraat AMSTERDAM, NL",101.09,,bunq,NL,,,,euro,,,,
516,2022-06-28 00:00:00,Peoples Place Bryant P,"Peoples Place Bryant P Amterdam, NL",2.4,,bunq,NL,,,,euro,,,,
517,2022-06-28 00:00:00,TJX NEDERLAND AMSTERDA,"TJX NEDERLAND AMSTERDA AMSTERDAM, NL",24.99,,bunq,NL,,,,euro,,,,
518,2022-06-28 00:00:00,Peoples Place Manhatta,"Peoples Place Manhatta Amsterdam, NL",4.0,,bunq,NL,,,,euro,,,,
519,2022-06-30 00:00:00,ALBERT HEIJN 2211,"ALBERT HEIJN 2211 AMSTERDAM, NL",7.57,,bunq,NL,,,,euro,,,,
520,2022-06-30 00:00:00,SEP*BLUEYS Bar,"SEP*BLUEYS Bar Amsterdam, NL",9.0,,bunq,NL,,,,euro,,,,
521,2022-06-30 00:00:00,SEP*BLUEYS Bar,"SEP*BLUEYS Bar Amsterdam, NL",3.0,,bunq,NL,,,,euro,,,,
522,2022-07-01 00:00:00,WILDE GANZEN IKON,Kenmerk INST-02060715 Omschrijving Bedankt voor uw gift aan Wilde Ganzen,7.5,,bunq,NL,,,,euro,,,,
523,2022-07-01 00:00:00,Ticketmaster,Z94BTWL84RDHBFG2 0030010976986084 07881884JB183623274106,119.81,,bunq,NL,,,,euro,,,,
524,2022-07-01 00:00:00,HEMA EV003 R'DAM CTR,"HEMA EV003 R'DAM CTR ROTTERDAM, NL",13.0,,bunq,NL,,,,euro,,,,
525,2022-07-01 00:00:00,ZARA Rotterdam,"ZARA Rotterdam ROTTERDAM, NL",19.99,,bunq,NL,,,,euro,,,,
526,2022-07-01 00:00:00,HILTON ROTTERDAM,"HILTON ROTTERDAM ROTTERDAM, NL",27.5,,bunq,NL,,,,euro,,,,
527,2022-07-01 00:00:00,bunq,Interest payment,,0.17,bunq,NL,,,,euro,,,,
528,2022-07-01 00:00:00,ETOS 7470,"ETOS 7470 ROTTERDAM, NL",14.78,,bunq,NL,,,,euro,,,,
529,2022-07-01 00:00:00,HMSHost Rotterdam Cent,"HMSHost Rotterdam Cent Rotterdam, NL",2.5,,bunq,NL,,,,euro,,,,
530,2022-07-01 00:00:00,KLARNA BANK AB via Mollie,M05891284MDO83RJ 1150010982810278 parfumdreams.nl klarna.com,45.08,,bunq,NL,,,,euro,,,,
531,2022-07-01 00:00:00,ALBERT HEIJN 1315,"ALBERT HEIJN 1315 AMSTERDAM, NL",3.19,,bunq,NL,,,,euro,,,,
532,2022-07-01 00:00:00,iZ *Lots of F B events,"iZ *Lots of F B events AMSTERDAM, NL",6.0,,bunq,NL,,,,euro,,,,
533,2022-07-02 00:00:00,DERMA KLINIEK AMSTERDA,"DERMA KLINIEK AMSTERDA AMSTERDAM, NL",274.5,,bunq,NL,,,,euro,,,,
534,2022-07-02 00:00:00,Bershka Kalverstraat,"Bershka Kalverstraat AMSTERDAM, NL",,61.97,bunq,NL,,,,euro,,,,
535,2022-07-02 00:00:00,Bershka Kalverstraat,"Bershka Kalverstraat AMSTERDAM, NL",9.99,,bunq,NL,,,,euro,,,,
536,2022-07-02 00:00:00,ETOS 7464,"ETOS 7464 AMSTERDAM, NL",21.78,,bunq,NL,,,,euro,,,,
537,2022-07-02 00:00:00,Tilburg 4208-23101,"Tilburg 4208-23101 Tilburg, NL",0.7,,bunq,NL,,,,euro,,,,
538,2022-07-02 00:00:00,CCV*DONER COMPANY,"CCV*DONER COMPANY TILBURG, NL",5.5,,bunq,NL,,,,euro,,,,
539,2022-07-02 00:00:00,AH to go Tilburg 5876,"AH to go Tilburg 5876 TILBURG, NL",7.0,,bunq,NL,,,,euro,,,,
540,2022-07-02 00:00:00,GC * WOO HAH,"GC * WOO HAH HILVARENBEEK, NL",16.0,,bunq,NL,,,,euro,,,,
541,2022-07-03 00:00:00,Kiosk BD 1606,"Kiosk BD 1606 BREDA, NL",2.7,,bunq,NL,,,,euro,,,,
542,2022-07-03 00:00:00,RITUALS COSMETICS NETH,"RITUALS COSMETICS NETH Amsterdam, NL",24.5,,bunq,NL,,,,euro,,,,
543,2022-07-04 00:00:00,ALBERT HEIJN 2211,"ALBERT HEIJN 2211 AMSTERDAM, NL",3.29,,bunq,NL,,,,euro,,,,
544,2022-07-04 00:00:00,BUDGET MOBIEL,O227691903/+31610316325 - Onbeperkt 1 jaar (kenmerk: 1200-0000-3125-9548),20.0,,bunq,NL,,,,euro,,,,
545,2022-07-04 00:00:00,DITZO ZORGVERZEKERING,Kenmerk  0468774564200006 / Omschrijving  Premie juli,142.45,,bunq,NL,,,,euro,,,,
546,2022-07-04 00:00:00,BPD Woningfonds,216105334 / JULI 2022 EEF KAMERBEEKSTRAAT 206 BPD WONINGFONDS N. Ncube,1235.55,,bunq,NL,,,,euro,,,,
547,2022-07-04 00:00:00,Vattenfall Klantenservice N.V.,"519053748309 Factnr 40052886675 BTW 13,02 Termijn jun 2022 Klantnr 25131236 CRN 3015061646 Eef Kamerbeekstra 206  1095 MP AMST",75.0,,bunq,NL,,,,euro,,,,
548,2022-07-04 00:00:00,bunq,invoice 8982968,0.7,,bunq,NL,,,,euro,,,,
549,2022-07-04 00:00:00,N. Ncube,,,24.11,bunq,NL,,,,euro,,,,
550,2022-07-04 00:00:00,Dermatuer by Buckaroo,2022D1000074606 1030000653967032 NL,21.0,,bunq,NL,,,,euro,,,,
551,2022-07-04 00:00:00,TheHutGroup via Adyen,W497GLSRXZL3KH52 0030011017391464 416367187-280651754,26.71,,bunq,NL,,,,euro,,,,
552,2022-07-05 00:00:00,ALBERT HEIJN 2211,"ALBERT HEIJN 2211 AMSTERDAM, NL",8.04,,bunq,NL,,,,euro,,,,
553,2022-07-05 00:00:00,Vomar IJburg,"Vomar IJburg AMSTERDAM, NL",75.61,,bunq,NL,,,,euro,,,,
554,2022-07-06 00:00:00,ALBERT HEIJN 2211,"ALBERT HEIJN 2211 AMSTERDAM, NL",3.78,,bunq,NL,,,,euro,,,,
555,2022-07-06 00:00:00,GREENCHOICE,Uw termijnnota met notanummer GC0088533753 over juli 2022 voor postcode 1095MP,50.0,,bunq,NL,,,,euro,,,,
556,2022-07-07 00:00:00,Peoples Place Hudson,"Peoples Place Hudson Amsterdam, NL",6.0,,bunq,NL,,,,euro,,,,
557,2022-07-07 00:00:00,Peoples Place Hudson,"Peoples Place Hudson Amsterdam, NL",2.0,,bunq,NL,,,,euro,,,,
558,2022-07-07 00:00:00,Peoples Place Hudson,"Peoples Place Hudson Amsterdam, NL",2.9,,bunq,NL,,,,euro,,,,
559,2022-07-07 00:00:00,Cafe Vrijdag,"Cafe Vrijdag Amsterdam, NL",8.5,,bunq,NL,,,,euro,,,,
560,2022-07-08 00:00:00,SEP*BLUEYS Bar,"SEP*BLUEYS Bar Amsterdam, NL",25.3,,bunq,NL,,,,euro,,,,
561,2022-07-09 00:00:00,iZ *H 0 S,"iZ *H 0 S AMSTERDAM, NL",65.0,,bunq,NL,,,,euro,,,,
562,2022-07-09 00:00:00,Reggae Rita's via CCV Group BV,I220709194725401CB858E87N1 0051100118866842 Ser.vi Web Order,24.5,,bunq,NL,,,,euro,,,,
563,2022-07-09 00:00:00,ZTL*Reggae Rita,"ZTL*Reggae Rita Amsterdam, NL",6.0,,bunq,NL,,,,euro,,,,
564,2022-07-10 00:00:00,ALBERT HEIJN 2211,"ALBERT HEIJN 2211 AMSTERDAM, NL",26.42,,bunq,NL,,,,euro,,,,
565,2022-07-10 00:00:00,ALBERT HEIJN 2211,"ALBERT HEIJN 2211 AMSTERDAM, NL",0.5,,bunq,NL,,,,euro,,,,
566,2022-07-10 00:00:00,ALBERT HEIJN 2211,"ALBERT HEIJN 2211 AMSTERDAM, NL",3.38,,bunq,NL,,,,euro,,,,
567,2022-07-11 00:00:00,ALBERT HEIJN 2211,"ALBERT HEIJN 2211 AMSTERDAM, NL",4.64,,bunq,NL,,,,euro,,,,
568,2022-07-11 00:00:00,NOMZAMO NCUBE,FROM STARLING PAYMENTS 220711-3G120Q396,,936.12,bunq,NL,,,,euro,,,,
569,2022-07-11 00:00:00,bunq,invoice 9050554,5.0,,bunq,NL,,,,euro,,,,
570,2022-07-11 00:00:00,Action 1374,"Action 1374 Amsterdam, NL",18.53,,bunq,NL,,,,euro,,,,
571,2022-07-11 00:00:00,ALBERT HEIJN 1493,"ALBERT HEIJN 1493 AMSTERDAM, NL",8.18,,bunq,NL,,,,euro,,,,
572,2022-07-12 00:00:00,Peoples Place Hudson,"Peoples Place Hudson Amsterdam, NL",6.0,,bunq,NL,,,,euro,,,,
573,2022-07-12 00:00:00,Bar Botanique BV,"Bar Botanique BV Amsterdam, NL",47.8,,bunq,NL,,,,euro,,,,
574,2022-07-13 00:00:00,ALBERT HEIJN 2211,"ALBERT HEIJN 2211 AMSTERDAM, NL",3.98,,bunq,NL,,,,euro,,,,
575,2022-07-14 00:00:00,SEP*BLUEYS Bar,"SEP*BLUEYS Bar Amsterdam, NL",29.2,,bunq,NL,,,,euro,,,,
576,2022-07-14 00:00:00,Holland & Barrett,"Holland & Barrett AMSTERDAM, NL",52.56,,bunq,NL,,,,euro,,,,
577,2022-07-14 00:00:00,Action 1374,"Action 1374 Amsterdam, NL",20.7,,bunq,NL,,,,euro,,,,
578,2022-07-14 00:00:00,ALBERT HEIJN 2211,"ALBERT HEIJN 2211 AMSTERDAM, NL",1.39,,bunq,NL,,,,euro,,,,
579,2022-07-14 00:00:00,bol.com b.v. collecting for bol.com,1379815096 0051100121853570 bol.com ref 1379815096 bol.com,27.81,,bunq,NL,,,,euro,,,,
580,2022-07-14 00:00:00,Duux B.V. via Mollie,M05154034MDSF69Q 1150011125207390 Order 22104892 duuxstore.com,143.99,,bunq,NL,,,,euro,,,,
581,2022-07-15 00:00:00,Treatwell BNL B.V.,4YAE9MA 0140000076837474 TREATWELL,60.0,,bunq,NL,,,,euro,,,,
582,2022-07-15 00:00:00,ALBERT HEIJN 2211,"ALBERT HEIJN 2211 AMSTERDAM, NL",4.48,,bunq,NL,,,,euro,,,,
583,2022-07-15 00:00:00,DITZO,7585397304 Premie periode 15-07-2022 - 14-08-2022 Ditzo Doorlopende Reisverz.,2.77,,bunq,NL,,,,euro,,,,
584,2022-07-15 00:00:00,ABN AMRO Bank NV collecting for Tikkie,000493406070 0030011131670316 AllÃ¨gre NL90ABNA0883388804 Tikkie,19.75,,bunq,NL,,,,euro,,,,
585,2022-07-15 00:00:00,Kiosk ASDM 0193,"Kiosk ASDM 0193 AMSTERDAM, NL",3.58,,bunq,NL,,,,euro,,,,
586,2022-07-15 00:00:00,Dominos,P75PLNN87W24J4C2JG0S 0180219643048501 10256acb-dacc-4bc1-a5aa-a2c50f49,36.0,,bunq,NL,,,,euro,,,,
587,2022-07-16 00:00:00,ALBERT HEIJN 2211,"ALBERT HEIJN 2211 AMSTERDAM, NL",3.98,,bunq,NL,,,,euro,,,,
588,2022-07-16 00:00:00,SHAN S BEAUTY H EN C,"SHAN S BEAUTY H EN C AMSTERDAM, NL",38.85,,bunq,NL,,,,euro,,,,
589,2022-07-16 00:00:00,CCV*Lucky King en Hong,"CCV*Lucky King en Hong AMSTERDAM, NL",9.3,,bunq,NL,,,,euro,,,,
590,2022-07-16 00:00:00,CCV*Empanadas Argentin,"CCV*Empanadas Argentin AMSTERDAM, NL",3.5,,bunq,NL,,,,euro,,,,
591,2022-07-16 00:00:00,Potato Club B.V.,"Potato Club B.V. Amsterdam, NL",13.5,,bunq,NL,,,,euro,,,,
592,2022-07-17 00:00:00,ALBERT HEIJN 2211,"ALBERT HEIJN 2211 AMSTERDAM, NL",8.27,,bunq,NL,,,,euro,,,,
593,2022-07-17 00:00:00,Landmarkt,"Landmarkt AMSTERDAM, NL",63.38,,bunq,NL,,,,euro,,,,
594,2022-07-17 00:00:00,Landmarkt,"Landmarkt AMSTERDAM, NL",1.5,,bunq,NL,,,,euro,,,,
595,2022-07-17 00:00:00,Landmarkt,"Landmarkt AMSTERDAM, NL",3.7,,bunq,NL,,,,euro,,,,
596,2022-07-19 00:00:00,bunq,invoice 9127532,8.99,,bunq,NL,,,,euro,,,,
597,2022-07-19 00:00:00,SEP*BLUEYS Bar,"SEP*BLUEYS Bar Amsterdam, NL",8.5,,bunq,NL,,,,euro,,,,
598,2022-07-19 00:00:00,ALBERT HEIJN 2211,"ALBERT HEIJN 2211 AMSTERDAM, NL",1.99,,bunq,NL,,,,euro,,,,
599,2022-07-20 00:00:00,ALBERT HEIJN 2211,"ALBERT HEIJN 2211 AMSTERDAM, NL",8.18,,bunq,NL,,,,euro,,,,
600,2022-07-20 00:00:00,Payments via Adyen,VQJDPV6WN4SDQ632 0020006937283072 BookYogaRetreats,59.0,,bunq,NL,,,,euro,,,,
601,2022-07-21 00:00:00,Vending Trainmore PH,"Vending Trainmore PH AMSTERDAM, NL",3.0,,bunq,NL,,,,euro,,,,
602,2022-07-21 00:00:00,Peoples Place Hudson,"Peoples Place Hudson Amsterdam, NL",2.4,,bunq,NL,,,,euro,,,,
603,2022-07-21 00:00:00,Peoples Place Hudson,"Peoples Place Hudson Amsterdam, NL",6.0,,bunq,NL,,,,euro,,,,
604,2022-07-22 00:00:00,ALBERT HEIJN 2211,"ALBERT HEIJN 2211 AMSTERDAM, NL",2.55,,bunq,NL,,,,euro,,,,
605,2022-07-22 00:00:00,ALBERT HEIJN 2211,"ALBERT HEIJN 2211 AMSTERDAM, NL",5.38,,bunq,NL,,,,euro,,,,
606,2022-07-23 00:00:00,Trainmore B.V.,19-07-2022 / 15-08-2022,44.0,,bunq,NL,,,,euro,,,,
607,2022-07-23 00:00:00,Mitra,"Mitra AMSTERDAM, NL",6.98,,bunq,NL,,,,euro,,,,
608,2022-07-23 00:00:00,Blokker323 Amsterdam,"Blokker323 Amsterdam AMSTERDAM, NL",21.98,,bunq,NL,,,,euro,,,,
609,2022-07-23 00:00:00,De Bijenkorf,"De Bijenkorf Amsterdam, NL",32.5,,bunq,NL,,,,euro,,,,
610,2022-07-23 00:00:00,TJX NEDERLAND AMSTERDA,"TJX NEDERLAND AMSTERDA AMSTERDAM, NL",24.98,,bunq,NL,,,,euro,,,,
611,2022-07-23 00:00:00,NL0107,"NL0107 AMSTERDAM, NL",20.7,,bunq,NL,,,,euro,,,,
612,2022-07-23 00:00:00,N. Ncube,,,100.0,bunq,NL,,,,euro,,,,
613,2022-07-23 00:00:00,CCV*Atelier AF3 B.V.,"CCV*Atelier AF3 B.V. AMSTERDAM, NL",2.5,,bunq,NL,,,,euro,,,,
614,2022-07-24 00:00:00,BOLT.EU/O/2207240623,"BOLT.EU/O/2207240623 Tallinn, EE",20.3,,bunq,NL,,,,euro,,,,
615,2022-07-24 00:00:00,BOLT.EU/O/2207240623,"Refund: BOLT.EU/O/2207240623 Tallinn, EE",,20.3,bunq,NL,,,,euro,,,,
616,2022-07-24 00:00:00,Zneckbar V.O.F.,"Zneckbar V.O.F. AMSTERDAM, NL",5.1,,bunq,NL,,,,euro,,,,
617,2022-07-24 00:00:00,ALBERT HEIJN 2211,"ALBERT HEIJN 2211 AMSTERDAM, NL",4.74,,bunq,NL,,,,euro,,,,
618,2022-07-25 00:00:00,PVH EUROPE,Salary July 2022,,3348.65,bunq,NL,,,,euro,,,,
619,2022-07-26 00:00:00,ALBERT HEIJN 2211,"ALBERT HEIJN 2211 AMSTERDAM, NL",2.59,,bunq,NL,,,,euro,,,,
620,2022-07-26 00:00:00,SEP*BLUEYS Bar,"SEP*BLUEYS Bar Amsterdam, NL",20.3,,bunq,NL,,,,euro,,,,
621,2022-07-26 00:00:00,BOLT.EU/O/2207261324,"BOLT.EU/O/2207261324 Tallinn, EE",13.9,,bunq,NL,,,,euro,,,,
622,2022-07-26 00:00:00,BOLT.EU/O/2207261324,"Refund: BOLT.EU/O/2207261324 Tallinn, EE",,13.9,bunq,NL,,,,euro,,,,
623,2022-07-26 00:00:00,BOLT.EU/O/2207261326,"BOLT.EU/O/2207261326 Tallinn, EE",16.0,,bunq,NL,,,,euro,,,,
624,2022-07-26 00:00:00,BOLT.EU/O/2207261326,"Refund: BOLT.EU/O/2207261326 Tallinn, EE",,16.0,bunq,NL,,,,euro,,,,
625,2022-07-26 00:00:00,ALBERT HEIJN 2211,"ALBERT HEIJN 2211 AMSTERDAM, NL",4.48,,bunq,NL,,,,euro,,,,
626,2022-07-26 00:00:00,Ilma,,230.0,,bunq,NL,,,,euro,,,,
627,2022-07-26 00:00:00,ALBERT HEIJN 2211,"ALBERT HEIJN 2211 AMSTERDAM, NL",1.29,,bunq,NL,,,,euro,,,,
628,2022-07-27 00:00:00,NS GROEP IZ NS REIZIGERS,Factuur: 410007078294,79.15,,bunq,NL,,,,euro,,,,
629,2022-07-27 00:00:00,WILDE GANZEN IKON,Kenmerk INST-02094085 Omschrijving Bedankt voor uw gift aan Wilde Ganzen,7.5,,bunq,NL,,,,euro,,,,
630,2022-07-27 00:00:00,T-MOBILE THUIS B.V.,T-Mobile Thuis NTV56735 Factuur TMT1024805103,35.0,,bunq,NL,,,,euro,,,,
631,2022-07-27 00:00:00,I.R. Praamsma,,,230.0,bunq,NL,,,,euro,,,,
632,2022-07-27 00:00:00,CCV*RESTAURANT STORK,"CCV*RESTAURANT STORK AMSTERDAM, NL",19.8,,bunq,NL,,,,euro,,,,
633,2022-07-27 00:00:00,ZTL*GreenIrene,"ZTL*GreenIrene Amsterdam, NL",6.5,,bunq,NL,,,,euro,,,,
634,2022-07-27 00:00:00,ALBERT HEIJN 2211,"ALBERT HEIJN 2211 AMSTERDAM, NL",1.29,,bunq,NL,,,,euro,,,,
635,2022-07-28 00:00:00,SEP*BLUEYS Bar,"SEP*BLUEYS Bar Amsterdam, NL",21.5,,bunq,NL,,,,euro,,,,
636,2022-07-29 00:00:00,ALBERT HEIJN 2211,"ALBERT HEIJN 2211 AMSTERDAM, NL",4.38,,bunq,NL,,,,euro,,,,
637,2022-07-29 00:00:00,ALBERT HEIJN 2211,"ALBERT HEIJN 2211 AMSTERDAM, NL",7.87,,bunq,NL,,,,euro,,,,
638,2022-07-30 00:00:00,BOLT.EU/O/2207301217,"BOLT.EU/O/2207301217 Tallinn, EE",17.0,,bunq,NL,,,,euro,,,,
639,2022-07-30 00:00:00,BOLT.EU/O/2207301217,"BOLT.EU/O/2207301217 Tallinn, EE",18.6,,bunq,NL,,,,euro,,,,
640,2022-07-30 00:00:00,BOLT.EU/O/2207301217,"Refund: BOLT.EU/O/2207301217 Tallinn, EE",,17.0,bunq,NL,,,,euro,,,,
641,2022-07-30 00:00:00,CCV*CAFE DE KROEGTIJGE,"CCV*CAFE DE KROEGTIJGE AMSTERDAM, NL",3.0,,bunq,NL,,,,euro,,,,
642,2022-07-30 00:00:00,SumUp  *Mister Cocos B,"SumUp  *Mister Cocos B Amsterdam, NL",5.0,,bunq,NL,,,,euro,,,,
643,2022-07-31 00:00:00,Action 1374,"Action 1374 Amsterdam, NL",27.78,,bunq,NL,,,,euro,,,,
644,2022-07-31 00:00:00,Vomar IJburg,"Vomar IJburg AMSTERDAM, NL",37.03,,bunq,NL,,,,euro,,,,
645,2022-08-01 00:00:00,ING Bank NV Betaalverzoek collecting for ING Betaalverzoek,NVetoNL38INGB0631178724 0051100131691835 Ams out ING Betaalverzoek,10.93,,bunq,NL,,,,euro,,,,
646,2022-08-01 00:00:00,SEP*BLUEYS Bar,"SEP*BLUEYS Bar Amsterdam, NL",4.5,,bunq,NL,,,,euro,,,,
647,2022-08-01 00:00:00,ALBERT HEIJN 2211,"ALBERT HEIJN 2211 AMSTERDAM, NL",1.39,,bunq,NL,,,,euro,,,,
648,2022-08-01 00:00:00,bunq,Interest payment,,0.08,bunq,NL,,,,euro,,,,
649,2022-08-01 00:00:00,BRASSERIE HALTE 3,"BRASSERIE HALTE 3 AMSTERDAM, NL",45.5,,bunq,NL,,,,euro,,,,
650,2022-08-01 00:00:00,BPD Woningfonds,216106465 / AUGUSTUS 2022 EEF KAMERBEEKSTRAAT 206 BPD WONINGFONDS N. Ncube,1235.55,,bunq,NL,,,,euro,,,,
651,2022-08-01 00:00:00,DITZO ZORGVERZEKERING,Kenmerk  9468774564200007 / Omschrijving  Premie augustus,142.45,,bunq,NL,,,,euro,,,,
652,2022-08-01 00:00:00,Vattenfall Klantenservice N.V.,"519903719498 Factnr 40053221875 BTW 6,19 Termijn jul 2022 Klantnr 25131236 CRN 3015061646 Eef Kamerbeekstra 206  1095 MP AMST",75.0,,bunq,NL,,,,euro,,,,
653,2022-08-02 00:00:00,Peoples Place Bryant P,"Peoples Place Bryant P Amterdam, NL",2.4,,bunq,NL,,,,euro,,,,
654,2022-08-02 00:00:00,Peoples Place Hudson,"Peoples Place Hudson Amsterdam, NL",6.0,,bunq,NL,,,,euro,,,,
655,2022-08-02 00:00:00,Waternet/Gem. Amsterdam,"Klant: 1020036058, Factuur: 2018615761",15.0,,bunq,NL,,,,euro,,,,
656,2022-08-02 00:00:00,NOODLEBAR CENTRAAL,"NOODLEBAR CENTRAAL AMSTERDAM, NL",7.95,,bunq,NL,,,,euro,,,,
657,2022-08-03 00:00:00,ETOS 7475,"ETOS 7475 AMSTERDAM, NL",10.08,,bunq,NL,,,,euro,,,,
658,2022-08-03 00:00:00,Drogisterij IJburg,"Drogisterij IJburg AMSTERDAM, NL",35.17,,bunq,NL,,,,euro,,,,
659,2022-08-03 00:00:00,Drogisterij IJburg,"Drogisterij IJburg AMSTERDAM, NL",3.69,,bunq,NL,,,,euro,,,,
660,2022-08-03 00:00:00,N. Ncube,,,0.5,bunq,NL,,,,euro,,,,
661,2022-08-03 00:00:00,N. Ncube,Currency Conversion EUR-GBP (300.00),300.0,,bunq,NL,,,,euro,,,,
662,2022-08-03 00:00:00,Acibadem International Medical Center - 22009347,,135.0,,bunq,NL,,,,euro,,,,
663,2022-08-03 00:00:00,N. Ncube,,1.0,,bunq,NL,,,,euro,,,,
664,2022-08-04 00:00:00,GREEN EGG B.V.,"GREEN EGG B.V. AMSTERDAM, NL",4.9,,bunq,NL,,,,euro,,,,
665,2022-08-04 00:00:00,N. Ncube,,0.1,,bunq,NL,,,,euro,,,,
666,2022-08-04 00:00:00,Peoples Place Hudson,"Peoples Place Hudson Amsterdam, NL",6.0,,bunq,NL,,,,euro,,,,
667,2022-08-04 00:00:00,N. Ncube,,1.0,,bunq,NL,,,,euro,,,,
668,2022-08-04 00:00:00,BUDGET MOBIEL,O227906533/+31610316325 - Onbeperkt 1 jaar (kenmerk: 1200-0000-3125-9548),20.0,,bunq,NL,,,,euro,,,,
669,2022-08-04 00:00:00,N. Ncube,,1.0,,bunq,NL,,,,euro,,,,
670,2022-08-04 00:00:00,Peoples Place Hudson,"Peoples Place Hudson Amsterdam, NL",3.0,,bunq,NL,,,,euro,,,,
671,2022-08-04 00:00:00,N. Ncube,,1.0,,bunq,NL,,,,euro,,,,
672,2022-08-04 00:00:00,AH togo A'damOst 5822,"AH togo A'damOst 5822 AMSTERDAM, NL",2.6,,bunq,NL,,,,euro,,,,
673,2022-08-04 00:00:00,N. Ncube,,0.4,,bunq,NL,,,,euro,,,,
674,2022-08-04 00:00:00,ALBERT HEIJN 2211,"ALBERT HEIJN 2211 AMSTERDAM, NL",2.25,,bunq,NL,,,,euro,,,,
675,2022-08-04 00:00:00,N. Ncube,,0.75,,bunq,NL,,,,euro,,,,
676,2022-08-05 00:00:00,ALBERT HEIJN 2211,"ALBERT HEIJN 2211 AMSTERDAM, NL",4.29,,bunq,NL,,,,euro,,,,
677,2022-08-05 00:00:00,N. Ncube,,0.71,,bunq,NL,,,,euro,,,,
678,2022-08-05 00:00:00,CCV*De Belg I Horeca B,"CCV*De Belg I Horeca B AMSTERDAM, NL",5.5,,bunq,NL,,,,euro,,,,
679,2022-08-05 00:00:00,N. Ncube,,0.5,,bunq,NL,,,,euro,,,,
680,2022-08-05 00:00:00,Stichting Melkweg,"Stichting Melkweg AMSTERDAM, NL",16.0,,bunq,NL,,,,euro,,,,
681,2022-08-05 00:00:00,N. Ncube,,1.0,,bunq,NL,,,,euro,,,,
682,2022-08-06 00:00:00,bunq,invoice 9307356,0.7,,bunq,NL,,,,euro,,,,
683,2022-08-06 00:00:00,N. Ncube,,0.3,,bunq,NL,,,,euro,,,,
684,2022-08-06 00:00:00,Hand & Foot,"Hand & Foot AMSTERDAM, NL",90.0,,bunq,NL,,,,euro,,,,
685,2022-08-06 00:00:00,N. Ncube,,1.0,,bunq,NL,,,,euro,,,,
686,2022-08-06 00:00:00,CCV*Seth Take-Out,"CCV*Seth Take-Out ALMERE, NL",11.5,,bunq,NL,,,,euro,,,,
687,2022-08-06 00:00:00,N. Ncube,,0.5,,bunq,NL,,,,euro,,,,
688,2022-08-06 00:00:00,AH togo A'damOst 5822,"AH togo A'damOst 5822 AMSTERDAM, NL",3.45,,bunq,NL,,,,euro,,,,
689,2022-08-06 00:00:00,N. Ncube,,0.55,,bunq,NL,,,,euro,,,,
690,2022-08-06 00:00:00,ALBERT HEIJN 2211,"ALBERT HEIJN 2211 AMSTERDAM, NL",4.64,,bunq,NL,,,,euro,,,,
691,2022-08-06 00:00:00,N. Ncube,,0.36,,bunq,NL,,,,euro,,,,
692,2022-08-22 02:00:00,Trainline,Trainline London GBR,36.39,,capital one,UK,,Current,36.39,GBP,1.0,London,EC1N 2TD,GBR
693,2022-08-22 02:00:00,ARRIVA KENT THAMESIDE,ARRIVA KENT THAMESIDE MAIDSTONE GBR,2.3,,capital one,UK,,Current,2.3,GBP,1.0,MAIDSTONE,ME15 6TX,GBR
694,2022-08-19 02:00:00,ARRIVA KENT THAMESIDE,ARRIVA KENT THAMESIDE MAIDSTONE GBR,4.6,,capital one,UK,,Current,4.6,GBP,1.0,MAIDSTONE,ME15 6TX,GBR
695,2022-08-19 02:00:00,SUPERDRUG STORES PLC,SUPERDRUG STORES PLC SOUTHEND GBR,23.65,,capital one,UK,,Current,23.65,GBP,1.0,SOUTHEND,SS1 1JD,GBR
696,2022-08-19 02:00:00,PIZZA EXPRESS,PIZZA EXPRESS SOUTHEND 1311,26.65,,capital one,UK,,Current,26.65,GBP,1.0,SOUTHEND 1311,SS11PR,GBR
697,2022-08-18 02:00:00,OLIVE OIL & OREGANO,OLIVE OIL & OREGANO GRAYS RM20,9.0,,capital one,UK,,Current,9.0,GBP,1.0,GRAYS RM20,RM20 2ZN,GBR
698,2022-08-18 02:00:00,ARRIVA KENT THAMESIDE,ARRIVA KENT THAMESIDE MAIDSTONE GBR,4.6,,capital one,UK,,Current,4.6,GBP,1.0,MAIDSTONE,ME15 6TX,GBR
699,2022-08-18 02:00:00,BOOTS/0944,BOOTS/0944 SOUTHEND ON SGBR,1.0,,capital one,UK,,Current,1.0,GBP,1.0,SOUTHEND ON S,SS1 1DE,GBR
700,2022-08-18 02:00:00,CRAZY CAVE,CRAZY CAVE Southend-On-SGBR,17.96,,capital one,UK,,Current,17.96,GBP,1.0,Southend-On-S,SS1 1JF,GBR
701,2022-08-18 02:00:00,Yole Lakeside,Yole Lakeside Grays GBR,4.45,,capital one,UK,,Current,4.45,GBP,1.0,Grays,RM20 2ZP,GBR
702,2022-08-16 02:00:00,WWW.JUST-EAT.CO.UK,WWW.JUST-EAT.CO.UK 02067 362061,23.75,,capital one,UK,,Current,23.75,GBP,1.0,02067 362061,WD6 1JN,GBR
703,2022-08-14 02:00:00,PAYPAL *SPOTIFY,PAYPAL *SPOTIFY 35314369001 GBR,9.99,,capital one,UK,,Current,9.99,GBP,1.0,35314369001,W1F7TU,GBR
704,2022-08-13 02:00:00,ASDA SUPERSTORE,ASDA SUPERSTORE SHOEBURYNESS GBR,38.5,,capital one,UK,,Current,38.5,GBP,1.0,SHOEBURYNESS,SS3 8DA,GBR
705,2022-08-12 02:00:00,ASDA SUPERSTORE,ASDA SUPERSTORE SHOEBURYNESS GBR,41.14,,capital one,UK,,Current,41.14,GBP,1.0,SHOEBURYNESS,SS3 8DA,GBR
706,2022-08-11 02:00:00,MARIE CURIE CANCER CAR,MARIE CURIE CANCER CAR SWINDON GBR,3.95,,capital one,UK,,Current,3.95,GBP,1.0,SWINDON,SS3 8DA,GBR
707,2022-08-11 02:00:00,ASDA SUPERSTORE,ASDA SUPERSTORE SHOEBURYNESS GBR,2.0,,capital one,UK,,Current,2.0,GBP,1.0,SHOEBURYNESS,SS3 8DA,GBR
708,2022-08-11 02:00:00,ASDA SUPERSTORE,ASDA SUPERSTORE SHOEBURYNESS GBR,17.45,,capital one,UK,,Current,17.45,GBP,1.0,SHOEBURYNESS,SS3 8DA,GBR
709,2022-08-10 02:00:00,PAYPAL *UBERPAYMENT,PAYPAL *UBERPAYMENT 35314369001 NLD,7.31,,capital one,UK,,Current,7.31,GBP,1.0,35314369001,1097DP,NLD
710,2022-08-10 02:00:00,TSGN,TSGN LUTON,17.7,,capital one,UK,,Current,17.7,GBP,1.0,LUTON,LU1 3JW,GBR
711,2022-08-05 02:00:00,PAYPAL *UBERPAYMENT,PAYPAL *UBERPAYMENT 35314369001 NLD,19.74,,capital one,UK,,Cycled,19.74,GBP,1.0,35314369001,1097DP,NLD
712,2022-08-02 02:00:00,DIRECT DEBIT PAYMENT - TH,DIRECT DEBIT PAYMENT - THANK YOU,,136.48,capital one,UK,,Cycled,136.48,GBP,0.0,ANK YOU,,
713,2022-08-02 02:00:00,PAYPAL *UBERPAYMENT,PAYPAL *UBERPAYMENT 35314369001 NLD,18.19,,capital one,UK,,Cycled,18.19,GBP,1.0,35314369001,1097DP,NLD
714,2022-07-26 02:00:00,PAYPAL *UBERPAYMENT,PAYPAL *UBERPAYMENT 35314369001 NLD,18.79,,capital one,UK,,Cycled,18.79,GBP,1.0,35314369001,1097DP,NLD
715,2022-07-24 02:00:00,PAYPAL *UBERPAYMENT,PAYPAL *UBERPAYMENT 35314369001 NLD,28.45,,capital one,UK,,Cycled,28.45,GBP,1.0,35314369001,1097DP,NLD
716,2022-07-23 02:00:00,PAYPAL *UBERPAYMENT,PAYPAL *UBERPAYMENT 35314369001 NLD,23.82,,capital one,UK,,Cycled,23.82,GBP,1.0,35314369001,1097DP,NLD
717,2022-07-19 02:00:00,NON STERLING TRANSACTION,NON STERLING TRANSACTION FEE 2.75%,,0.93,capital one,UK,,Cycled,0.93,GBP,0.0,FEE 2.75%,,
718,2022-07-17 02:00:00,PAYPAL *UBERPAYMENT,PAYPAL *UBERPAYMENT 35314369001 NLD,6.6,,capital one,UK,,Cycled,6.6,GBP,1.0,35314369001,1097DP,NLD
719,2022-07-17 02:00:00,ALIEXPRESS.COM,ALIEXPRESS.COM LONDON GBR,33.99,,capital one,UK,,Cycled,40.02,GBP,1.177405119,LONDON,E14 5AB,GBR
720,2022-07-16 02:00:00,PAYPAL *UBERPAYMENT,PAYPAL *UBERPAYMENT 35314369001 NLD,14.2,,capital one,UK,,Cycled,14.2,GBP,1.0,35314369001,1097DP,NLD
721,2022-07-14 02:00:00,PAYPAL *SPOTIFY,PAYPAL *SPOTIFY 35314369001 GBR,9.99,,capital one,UK,,Cycled,9.99,GBP,1.0,35314369001,W1F7TU,GBR
722,2022-07-12 02:00:00,PAYPAL *UBERPAYMENT,PAYPAL *UBERPAYMENT 35314369001 NLD,10.82,,capital one,UK,,Cycled,10.82,GBP,1.0,35314369001,1097DP,NLD
723,2022-07-07 02:00:00,PAYPAL *UBERPAYMENT,PAYPAL *UBERPAYMENT 35314369001 NLD,1.79,,capital one,UK,,Cycled,1.79,GBP,1.0,35314369001,1097DP,NLD
724,2022-07-07 02:00:00,PAYPAL *UBERPAYMENT,PAYPAL *UBERPAYMENT 35314369001 NLD,28.49,,capital one,UK,,Cycled,28.49,GBP,1.0,35314369001,1097DP,NLD
725,2022-07-03 02:00:00,DIRECT DEBIT PAYMENT - TH,DIRECT DEBIT PAYMENT - THANK YOU,,140.63,capital one,UK,,Cycled,140.63,GBP,0.0,ANK YOU,,
726,2022-07-03 02:00:00,PAYPAL *UBERPAYMENT,PAYPAL *UBERPAYMENT 35314369001 NLD,12.7,,capital one,UK,,Cycled,12.7,GBP,1.0,35314369001,1097DP,NLD
727,2022-07-02 02:00:00,PAYPAL *UBERPAYMENT,PAYPAL *UBERPAYMENT 35314369001 NLD,17.8,,capital one,UK,,Cycled,17.8,GBP,1.0,35314369001,1097DP,NLD
728,2022-06-29 02:00:00,PAYPAL *UBERPAYMENT,PAYPAL *UBERPAYMENT 35314369001 NLD,16.91,,capital one,UK,,Cycled,16.91,GBP,1.0,35314369001,1097DP,NLD
729,2022-06-22 02:00:00,PAYPAL *UBERPAYMENT,PAYPAL *UBERPAYMENT 35314369001 NLD,10.85,,capital one,UK,,Cycled,10.85,GBP,1.0,35314369001,1097DP,NLD
730,2022-06-17 02:00:00,PAYPAL *UBERPAYMENT,PAYPAL *UBERPAYMENT 35314369001 NLD,22.23,,capital one,UK,,Cycled,22.23,GBP,1.0,35314369001,1097DP,NLD
731,2022-06-14 02:00:00,PAYPAL *SPOTIFY,PAYPAL *SPOTIFY 35314369001 GBR,9.99,,capital one,UK,,Cycled,9.99,GBP,1.0,35314369001,W1F7TU,GBR
732,2022-06-10 02:00:00,PAYPAL *UBERPAYMENT,PAYPAL *UBERPAYMENT 35314369001 NLD,15.72,,capital one,UK,,Cycled,15.72,GBP,1.0,35314369001,1097DP,NLD
733,2022-06-02 02:00:00,DIRECT DEBIT PAYMENT - TH,DIRECT DEBIT PAYMENT - THANK YOU,,117.4,capital one,UK,,Cycled,117.4,GBP,0.0,ANK YOU,,
734,2022-05-28 02:00:00,PAYPAL *UBERPAYMENT,PAYPAL *UBERPAYMENT 35314369001 NLD,10.65,,capital one,UK,,Cycled,10.65,GBP,1.0,35314369001,1097DP,NLD
735,2022-05-18 02:00:00,PAYPAL *UBERPAYMENT,PAYPAL *UBERPAYMENT 35314369001 NLD,5.65,,capital one,UK,,Cycled,5.65,GBP,1.0,35314369001,1097DP,NLD
736,2022-05-18 02:00:00,PAYPAL *UBERPAYMENT,PAYPAL *UBERPAYMENT 35314369001 NLD,5.9,,capital one,UK,,Cycled,5.9,GBP,1.0,35314369001,1097DP,NLD
737,2022-05-14 02:00:00,PAYPAL *UBERPAYMENT,PAYPAL *UBERPAYMENT 35314369001 NLD,28.45,,capital one,UK,,Cycled,28.45,GBP,1.0,35314369001,1097DP,NLD
738,2022-05-14 02:00:00,PAYPAL *SPOTIFY,PAYPAL *SPOTIFY 35314369001 GBR,9.99,,capital one,UK,,Cycled,9.99,GBP,1.0,35314369001,W1F7TU,GBR
739,2022-05-11 02:00:00,PAYPAL *MICROSOFT MICR,PAYPAL *MICROSOFT MICR 35314369001 GBR,79.99,,capital one,UK,,Cycled,79.99,GBP,1.0,35314369001,RG61WG,GBR
740,2022-05-03 02:00:00,DIRECT DEBIT PAYMENT - TH,DIRECT DEBIT PAYMENT - THANK YOU,,43.46,capital one,UK,,Cycled,43.46,GBP,0.0,ANK YOU,,
741,2022-04-30 02:00:00,Amazon Prime*2P5DY2954,Amazon Prime*2P5DY2954 amzn.co.uk/pmGBR,79.0,,capital one,UK,,Cycled,79.0,GBP,1.0,amzn.co.uk/pm,EC2A 2FA,GBR
742,2022-04-18 02:00:00,PAYPAL *UBERPAYMENT,PAYPAL *UBERPAYMENT 35314369001 NLD,22.31,,capital one,UK,,Cycled,22.31,GBP,1.0,35314369001,1097DP,NLD
743,2022-04-14 02:00:00,PAYPAL *SPOTIFY,PAYPAL *SPOTIFY 35314369001 GBR,9.99,,capital one,UK,,Cycled,9.99,GBP,1.0,35314369001,W1F7TU,GBR
744,2022-04-11 02:00:00,PAYPAL *UBERPAYMENT,PAYPAL *UBERPAYMENT 35314369001 NLD,6.1,,capital one,UK,,Cycled,6.1,GBP,1.0,35314369001,1097DP,NLD
745,2022-04-02 02:00:00,DIRECT DEBIT PAYMENT - TH,DIRECT DEBIT PAYMENT - THANK YOU,,63.33,capital one,UK,,Cycled,63.33,GBP,0.0,ANK YOU,,
746,2022-03-26 01:00:00,PAYPAL *UBERPAYMENT,PAYPAL *UBERPAYMENT 35314369001 NLD,18.24,,capital one,UK,,Cycled,18.24,GBP,1.0,35314369001,1097DP,NLD
747,2022-03-18 01:00:00,PAYPAL *UBERPAYMENT,PAYPAL *UBERPAYMENT 35314369001 NLD,15.23,,capital one,UK,,Cycled,15.23,GBP,1.0,35314369001,1097DP,NLD
748,2022-03-14 01:00:00,PAYPAL *SPOTIFY,PAYPAL *SPOTIFY 35314369001 GBR,9.99,,capital one,UK,,Cycled,9.99,GBP,1.0,35314369001,W1F7TU,GBR
